yyAKbzbiKHoAAAFMtNAfToQJ,https://uk.wikipedia.org/wiki/%D0%A0%D0%BE%D1%81%D1%96%D0%B9%D1%81%D1%8C%D0%BA%D0%B0_%D1%96%D0%BC%D0%BF%D0%B5%D1%80%D1%96%D1%8F
8B0KbzbiahUAAAFMwv0fToG2,https://uk.wikipedia.org/wiki/%D0%90%D1%80%D1%83%D0%B1%D0%B0
MbkKbzbirowAAAFM1aAfToKG,https://uk.wikipedia.org/wiki/%D0%9A%D0%B8%D1%97%D0%B2%D1%81%D1%8C%D0%BA%D0%B0_%D0%A0%D1%83%D1%81%D1%8C
kmQKbzbijLYAAAFM5RMfToIv,https://uk.wikipedia.org/wiki/%D0%9C%D0%BE%D1%81%D0%BA%D0%BE%D0%B2%D1%81%D1%8C%D0%BA%D0%B5_%D1%86%D0%B0%D1%80%D1%81%D1%82%D0%B2%D0%BE
fHEKbzbilVEAAAFM..bx3YBW,https://uk.wikipedia.org/wiki/%D0%A1%D0%BE%D1%8E%D0%B7_%D0%A0%D0%B0%D0%B4%D1%8F%D0%BD%D1%81%D1%8C%D0%BA%D0%B8%D1%85_%D0%A1%D0%BE%D1%86%D1%96%D0%B0%D0%BB%D1%96%D1%81%D1%82%D0%B8%D1%87%D0%BD%D0%B8%D1%85_%D0%A0%D0%B5%D1%81%D0%BF%D1%83%D0%B1%D0%BB%D1%96%D0%BA
nsYKbzbi6hgAAAFMizofTopj,https://uk.wikipedia.org/wiki/%D0%92%D0%B5%D0%BB%D0%B8%D0%BA%D0%B5_%D0%BA%D0%BD%D1%8F%D0%B7%D1%96%D0%B2%D1%81%D1%82%D0%B2%D0%BE_%D0%9C%D0%BE%D1%81%D0%BA%D0%BE%D0%B2%D1%81%D1%8C%D0%BA%D0%B5
dfIKbzbieh0AAAFMnNDx3YFX,https://uk.wikipedia.org/wiki/%D0%93%D1%80%D1%83%D0%B7%D1%96%D1%8F
qBIKbzbiMtAAAAFM42gfToPO,https://uk.wikipedia.org/wiki/%D0%91%D1%96%D0%BB%D0%BE%D1%80%D1%83%D1%81%D1%8C
670KbzbiLgEAAAFMaVsfToJp,https://uk.wikipedia.org/wiki/%D0%A3%D0%BA%D1%80%D0%B0%D1%97%D0%BD%D0%B0
vXEKbzbiCCIAAAFMnDMfTomF,https://uk.wikipedia.org/wiki/%D0%90%D0%B7%D0%B5%D1%80%D0%B1%D0%B0%D0%B9%D0%B4%D0%B6%D0%B0%D0%BD
keoKbzbiWbgAAAFMQtofTo2K,https://uk.wikipedia.org/wiki/%D0%A0%D0%BE%D1%81%D1%96%D0%B9%D1%81%D1%8C%D0%BA%D0%B0_%D0%A0%D0%B0%D0%B4%D1%8F%D0%BD%D1%81%D1%8C%D0%BA%D0%B0_%D0%A4%D0%B5%D0%B4%D0%B5%D1%80%D0%B0%D1%82%D0%B8%D0%B2%D0%BD%D0%B0_%D0%A1%D0%BE%D1%86%D1%96%D0%B0%D0%BB%D1%96%D1%81%D1%82%D0%B8%D1%87%D0%BD%D0%B0_%D0%A0%D0%B5%D1%81%D0%BF%D1%83%D0%B1%D0%BB%D1%96%D0%BA%D0%B0
yGwKbzbiSh8AAAFMLCMfToXn,https://uk.wikipedia.org/wiki/%D0%A2%D0%B0%D0%B4%D0%B6%D0%B8%D0%BA%D0%B8%D1%81%D1%82%D0%B0%D0%BD
mWQKbzbi7K0AAAFMzaLx3YFk,https://uk.wikipedia.org/wiki/%D0%9C%D0%BE%D0%BB%D0%B4%D0%BE%D0%B2%D0%B0
2e0Kbzbi_2sAAAFMW3cfToa2,https://uk.wikipedia.org/wiki/%D0%A3%D0%B7%D0%B1%D0%B5%D0%BA%D0%B8%D1%81%D1%82%D0%B0%D0%BD
UKUKbzbi5yoAAAFMJ2kfTo6a,https://uk.wikipedia.org/wiki/%D0%95%D1%81%D1%82%D0%BE%D0%BD%D1%96%D1%8F
EkcKbzbi5hoAAAFMt1gfTogL,https://uk.wikipedia.org/wiki/%D0%92%D1%96%D1%80%D0%BC%D0%B5%D0%BD%D1%96%D1%8F
63IKbzbiag4AAAFMbi0fToHv,https://uk.wikipedia.org/wiki/%D0%9A%D0%B0%D0%B7%D0%B0%D1%85%D1%81%D1%82%D0%B0%D0%BD
DBoKbzbitmkAAAFMfpvx3YCg,https://uk.wikipedia.org/wiki/%D0%9A%D0%B8%D1%80%D0%B3%D0%B8%D0%B7%D1%81%D1%82%D0%B0%D0%BD
GYQKbzbivFQAAAFM7LYfTobT,https://uk.wikipedia.org/wiki/%D0%9B%D0%B8%D1%82%D0%B2%D0%B0
_mMKbzbiEu4AAAFMAKbx3YCg,https://uk.wikipedia.org/wiki/%D0%9B%D0%B0%D1%82%D0%B2%D1%96%D1%8F
d4cKbzbiZXkAAAFMlXUfToVv,https://uk.wikipedia.org/wiki/%D0%A2%D1%83%D1%80%D0%BA%D0%BC%D0%B5%D0%BD%D1%96%D1%81%D1%82%D0%B0%D0%BD
TCYKbzbiJPgAAAFMvbYfToV3,https://uk.wikipedia.org/wiki/%D0%92%D0%B5%D0%BB%D0%B8%D0%BA%D0%B0_%D0%91%D1%80%D0%B8%D1%82%D0%B0%D0%BD%D1%96%D1%8F
7FEKbzbi24UAAAFMf2IfToV5,https://uk.wikipedia.org/wiki/%D0%9A%D0%BE%D1%80%D0%BE%D0%BB%D1%96%D0%B2%D1%81%D1%82%D0%B2%D0%BE_%D0%90%D0%BD%D0%B3%D0%BB%D1%96%D1%8F
rs4KbzbiA_IAAAFMhTgfTowZ,https://uk.wikipedia.org/wiki/%D0%90%D0%BD%D0%B3%D0%BB%D1%96%D0%B9%D1%81%D1%8C%D0%BA%D0%B0_%D1%81%D0%BF%D1%96%D0%B2%D0%B4%D1%80%D1%83%D0%B6%D0%BD%D1%96%D1%81%D1%82%D1%8C
JRsKbzbi9qEAAAFMX5Tx3YCD,https://uk.wikipedia.org/wiki/%D0%91%D1%80%D0%B8%D1%82%D0%B0%D0%BD%D1%81%D1%8C%D0%BA%D0%B0_%D1%96%D0%BC%D0%BF%D0%B5%D1%80%D1%96%D1%8F
svsKbzbiTlcAAAFM8_Xx3YEk,https://uk.wikipedia.org/wiki/%D0%97%D0%B0%D0%BC%D0%B1%D1%96%D1%8F
Tv0KbzbiVOYAAAFMucMfToQl,https://uk.wikipedia.org/wiki/%D0%91%D1%80%D0%B8%D1%82%D0%B0%D0%BD%D1%81%D1%8C%D0%BA%D0%B0_%D0%86%D0%BD%D0%B4%D1%96%D1%8F
rQMKbzbi0ZAAAAFMhxUfToj2,https://uk.wikipedia.org/wiki/%D0%86%D0%BD%D0%B4%D1%96%D1%8F
qGcKbzbikVwAAAFMbVvx3YEg,https://uk.wikipedia.org/wiki/%D0%91%D0%B5%D0%BD%D0%B3%D0%B0%D0%BB%D1%96%D1%8F
X3YKbzbiWzEAAAFMMQXx3YDo,https://uk.wikipedia.org/wiki/%D0%9F%D0%B0%D0%BA%D0%B8%D1%81%D1%82%D0%B0%D0%BD
uTsKbzbiTRUAAAFMRkwfTpHE,https://uk.wikipedia.org/wiki/%D0%9E%D1%81%D1%82%D1%80%D1%96%D0%B2_%D0%A1%D0%B2%D1%8F%D1%82%D0%BE%D1%97_%D0%84%D0%BB%D0%B5%D0%BD%D0%B8
eaQKbzbiDzcAAAFMYqkfToIF,https://uk.wikipedia.org/wiki/%D0%AF%D0%BC%D0%B0%D0%B9%D0%BA%D0%B0
AAwKbzbiT30AAAFMbmIfTpUZ,https://uk.wikipedia.org/wiki/%D0%90%D0%B1%D1%85%D0%B0%D0%B7%D1%96%D1%8F
UbMKbzbi8KUAAAFMShgfTosg,https://uk.wikipedia.org/wiki/%D0%9A%D0%BE%D1%80%D0%BE%D0%BB%D1%96%D0%B2%D1%81%D1%82%D0%B2%D0%BE_%D0%A3%D0%B3%D0%BE%D1%80%D1%89%D0%B8%D0%BD%D0%B0_(1920%E2%80%941946)
6OUKbzbi4vkAAAFMkXMfToNH,https://uk.wikipedia.org/wiki/%D0%A3%D0%B3%D0%BE%D1%80%D1%81%D1%8C%D0%BA%D0%B0_%D0%9D%D0%B0%D1%80%D0%BE%D0%B4%D0%BD%D0%B0_%D0%A0%D0%B5%D1%81%D0%BF%D1%83%D0%B1%D0%BB%D1%96%D0%BA%D0%B0
RncKbzbi3fIAAAFMJPYfToS.,https://uk.wikipedia.org/wiki/%D0%A3%D0%B3%D0%BE%D1%80%D1%89%D0%B8%D0%BD%D0%B0
pfUKbzbi1QkAAAFM9gwfToN9,https://uk.wikipedia.org/wiki/%D0%A0%D0%B8%D0%BC%D1%81%D1%8C%D0%BA%D0%B0_%D1%96%D0%BC%D0%BF%D0%B5%D1%80%D1%96%D1%8F
pm0KbzbiRqcAAAFMDFHx3YDi,https://uk.wikipedia.org/wiki/%D0%9E%D1%81%D0%BC%D0%B0%D0%BD%D1%81%D1%8C%D0%BA%D0%B0_%D1%96%D0%BC%D0%BF%D0%B5%D1%80%D1%96%D1%8F
McYKbzbi8qkAAAFMDD8fToJ_,https://uk.wikipedia.org/wiki/%D0%92%D0%B5%D0%BD%D0%B5%D1%86%D1%96%D0%B0%D0%BD%D1%81%D1%8C%D0%BA%D0%B0_%D1%80%D0%B5%D1%81%D0%BF%D1%83%D0%B1%D0%BB%D1%96%D0%BA%D0%B0
4VIKbzbiTBcAAAFMv.wfToHh,https://uk.wikipedia.org/wiki/%D0%A2%D1%83%D1%80%D0%B5%D1%87%D1%87%D0%B8%D0%BD%D0%B0
1xsKbzbiDQUAAAFMzIQfToVh,https://uk.wikipedia.org/wiki/%D0%A0%D0%B8%D0%BC%D1%81%D1%8C%D0%BA%D0%B0_%D1%80%D0%B5%D1%81%D0%BF%D1%83%D0%B1%D0%BB%D1%96%D0%BA%D0%B0
H2kKbzbi6u0AAAFMZQ4fToaV,https://uk.wikipedia.org/wiki/%D0%9C%D0%B0%D0%BB%D0%B0%D0%B9%D0%B7%D1%96%D1%8F
jn8KbzbiqpAAAAFMBYofToJ0,https://uk.wikipedia.org/wiki/%D0%A1%D0%B0%D1%80%D0%B0%D0%B2%D0%B0%D0%BA
YvoKbzbi5W0AAAFMZ2MfTpNd,"https://uk.wikipedia.org/wiki/%D0%A1%D1%83%D0%B2%D0%B5%D1%80%D0%B5%D0%BD%D0%BD%D0%B8%D0%B9_%D0%B2%D1%96%D0%B9%D1%81%D1%8C%D0%BA%D0%BE%D0%B2%D0%B8%D0%B9_%D0%9E%D1%80%D0%B4%D0%B5%D0%BD_%D0%93%D0%BE%D1%81%D0%BF%D1%96%D1%82%D0%B0%D0%BB%D1%8C%D1%94%D1%80%D1%96%D0%B2_%D0%A1%D0%B2%D1%8F%D1%82%D0%BE%D0%B3%D0%BE_%D0%86%D0%BE%D0%B0%D0%BD%D0%BD%D0%B0_%D0%84%D1%80%D1%83%D1%81%D0%B0%D0%BB%D0%B8%D0%BC%D1%81%D1%8C%D0%BA%D0%BE%D0%B3%D0%BE,_%D1%80%D0%B8%D1%86%D0%B0%D1%80%D1%96%D0%B2_%D0%A0%D0%BE%D0%B4%D0%BE%D1%81%D1%83_%D1%96_%D0%9C%D0%B0%D0%BB%D1%8C%D1%82%D0%B8"
2oUKbzbi4KwAAAFMmnnx3YDF,https://uk.wikipedia.org/wiki/%D0%9A%D1%80%D0%B8%D0%BC%D1%81%D1%8C%D0%BA%D0%B5_%D1%85%D0%B0%D0%BD%D1%81%D1%82%D0%B2%D0%BE
Cq0KbzbikZ4AAAFMGr7x3YCz,https://uk.wikipedia.org/wiki/%D0%97%D0%BE%D0%BB%D0%BE%D1%82%D0%B0_%D0%9E%D1%80%D0%B4%D0%B0
PpYKbzbiJD8AAAFM7CYfToRU,https://uk.wikipedia.org/wiki/%D0%9C%D0%B5%D0%BD_(%D0%BE%D1%81%D1%82%D1%80%D1%96%D0%B2)
sYIKbzbiBCcAAAFMxMQfTopJ,https://uk.wikipedia.org/wiki/%D0%97%D1%96%D0%BC%D0%B1%D0%B0%D0%B1%D0%B2%D0%B5
9noKbzbiaBIAAAFMDhcfTpUQ,https://uk.wikipedia.org/wiki/%D0%91%D1%80%D1%83%D0%BD%D0%B5%D0%B9
toMKbzbiiJMAAAFMxhtRkqiW,https://uk.wikipedia.org/wiki/%D0%9F%D1%96%D0%B2%D0%BD%D1%96%D1%87%D0%BD%D0%B8%D0%B9_%D0%91%D0%BE%D1%80%D0%BD%D0%B5%D0%BE
1R8KbzbilKwAAAFM8FEfToaH,https://uk.wikipedia.org/wiki/%D0%AF%D0%BF%D0%BE%D0%BD%D1%81%D1%8C%D0%BA%D0%B0_%D1%96%D0%BC%D0%BF%D0%B5%D1%80%D1%96%D1%8F
qdMKbzbiiccAAAFMlxAfTohN,https://uk.wikipedia.org/wiki/%D0%A1%D1%8C%D0%BE%D2%91%D1%83%D0%BD%D0%B0%D1%82_%D0%95%D0%B4%D0%BE
.RoKbzbiDNcAAAFMSW_x3YEA,https://uk.wikipedia.org/wiki/%D0%90%D0%B2%D1%81%D1%82%D1%80%D0%BE-%D0%A3%D0%B3%D0%BE%D1%80%D1%89%D0%B8%D0%BD%D0%B0
Zj4KbzbiEocAAAFMgxsfToVR,https://uk.wikipedia.org/wiki/%D0%86%D1%80%D0%BB%D0%B0%D0%BD%D0%B4%D1%96%D1%8F
WsgKbzbieJcAAAFMhW4fToxg,https://uk.wikipedia.org/wiki/%D0%90%D0%BE%D0%BC%D0%B8%D0%BD%D1%8C
ge8KbzbiABIAAAFMhoMfTotf,https://uk.wikipedia.org/wiki/%D0%A1%D0%B0%D0%BD-%D0%A2%D0%BE%D0%BC%D0%B5_%D1%96_%D0%9F%D1%80%D0%B8%D0%BD%D1%81%D1%96%D0%BF%D1%96
ge8KbzbiABIAAAFMhoMfTotf,https://uk.wikipedia.org/wiki/%D0%A1%D0%B0%D0%BD-%D0%A2%D0%BE%D0%BC%D0%B5_%D1%96_%D0%9F%D1%80%D0%B8%D0%BD%D1%81%D1%96%D0%BF%D1%96
nz0KbzbigQYAAAFM29ZY_tGO,https://uk.wikipedia.org/wiki/%D0%9C%D0%B0%D0%B4%D0%B5%D0%B9%D1%80%D0%B0_(%D0%B0%D1%80%D1%85%D1%96%D0%BF%D0%B5%D0%BB%D0%B0%D0%B3)
8bYKbzbi.rwAAAFM3bMfToPB,https://uk.wikipedia.org/wiki/%D0%9A%D0%B0%D0%B1%D0%BE-%D0%92%D0%B5%D1%80%D0%B4%D0%B5
xxkKbzbiHf4AAAFMz04fToqR,https://uk.wikipedia.org/wiki/%D0%93%D0%B2%D1%96%D0%BD%D0%B5%D1%8F-%D0%91%D1%96%D1%81%D0%B0%D1%83
ejQKbzbiOqMAAAFMihUfTpVd,https://uk.wikipedia.org/wiki/%D0%90%D0%B7%D0%BE%D1%80%D1%81%D1%8C%D0%BA%D1%96_%D0%BE%D1%81%D1%82%D1%80%D0%BE%D0%B2%D0%B8
UgQKbzbicqQAAAFMN7EfToUp,https://uk.wikipedia.org/wiki/%D0%86%D0%BC%D0%BF%D0%B5%D1%80%D1%96%D1%8F_%D0%92%D0%B5%D0%BB%D0%B8%D0%BA%D0%B8%D1%85_%D0%9C%D0%BE%D0%B3%D0%BE%D0%BB%D1%96%D0%B2
M3IKbzbiT5YAAAFMOegfToVN,https://uk.wikipedia.org/wiki/%D0%9C%D0%B0%D0%BB%D1%8C%D0%B4%D1%96%D0%B2%D0%B8
.F0Kbzbi6MgAAAFMCjzx3YEZ,https://uk.wikipedia.org/wiki/%D0%90%D0%B4%D0%BC%D1%96%D0%BD%D1%96%D1%81%D1%82%D1%80%D0%B0%D1%82%D0%B8%D0%B2%D0%BD%D0%B8%D0%B9_%D0%BF%D0%BE%D0%B4%D1%96%D0%BB_%D0%9D%D1%96%D0%BC%D0%B5%D1%87%D1%87%D0%B8%D0%BD%D0%B8
lRkKbzbi2a4AAAFMe7bx3YBG,https://uk.wikipedia.org/wiki/%D0%9D%D1%96%D0%BC%D0%B5%D1%87%D1%87%D0%B8%D0%BD%D0%B0
j1YKbzbig0sAAAFM37jx3YBe,https://uk.wikipedia.org/wiki/%D0%A2%D1%80%D0%B5%D1%82%D1%96%D0%B9_%D0%A0%D0%B5%D0%B9%D1%85
lOAKbzbiZcsAAAFMWEAfToM5,https://uk.wikipedia.org/wiki/%D0%9F%D0%B0%D0%BF%D1%81%D1%8C%D0%BA%D0%B0_%D0%B4%D0%B5%D1%80%D0%B6%D0%B0%D0%B2%D0%B0
dikKbzbiwEYAAAFMz9AfToWv,https://uk.wikipedia.org/wiki/%D0%90%D0%BD%D0%B3%D0%BE%D0%BB%D0%B0
QwQKbzbixVwAAAFMf9ofToWh,https://uk.wikipedia.org/wiki/%D0%9D%D1%96%D0%BC%D0%B5%D1%86%D1%8C%D0%BA%D0%B0_%D0%94%D0%B5%D0%BC%D0%BE%D0%BA%D1%80%D0%B0%D1%82%D0%B8%D1%87%D0%BD%D0%B0_%D0%A0%D0%B5%D1%81%D0%BF%D1%83%D0%B1%D0%BB%D1%96%D0%BA%D0%B0
UPgKbzbidU0AAAFM2hUfToHv,https://uk.wikipedia.org/wiki/%D0%A2%D1%80%D0%B5%D1%82%D1%8F_%D1%84%D1%80%D0%B0%D0%BD%D1%86%D1%83%D0%B7%D1%8C%D0%BA%D0%B0_%D1%80%D0%B5%D1%81%D0%BF%D1%83%D0%B1%D0%BB%D1%96%D0%BA%D0%B0
1AUKbzbi3FYAAAFM_mEfToNC,https://uk.wikipedia.org/wiki/%D0%9F%D0%B5%D1%80%D1%88%D0%B0_%D0%A4%D1%80%D0%B0%D0%BD%D1%86%D1%83%D0%B7%D1%8C%D0%BA%D0%B0_%D1%96%D0%BC%D0%BF%D0%B5%D1%80%D1%96%D1%8F
FgAKbzbix.0AAAFMSefx3YEc,https://uk.wikipedia.org/wiki/%D0%A0%D0%B5%D0%B6%D0%B8%D0%BC_%D0%92%D1%96%D1%88%D1%96
VF0Kbzbi6csAAAFMiPkfToP8,https://uk.wikipedia.org/wiki/%D0%93%D0%B5%D1%80%D0%BD%D1%81%D1%96
prEKbzbicF8AAAFMeeIfTqBv,https://uk.wikipedia.org/wiki/%D0%84%D1%80%D1%83%D1%81%D0%B0%D0%BB%D0%B8%D0%BC%D1%81%D1%8C%D0%BA%D0%B5_%D0%BA%D0%BE%D1%80%D0%BE%D0%BB%D1%96%D0%B2%D1%81%D1%82%D0%B2%D0%BE
KqoKbzbi7poAAAFMl3ofToNo,https://uk.wikipedia.org/wiki/%D0%9A%D0%BE%D1%80%D0%BE%D0%BB%D1%96%D0%B2%D1%81%D1%82%D0%B2%D0%BE_%D0%AE%D0%B3%D0%BE%D1%81%D0%BB%D0%B0%D0%B2%D1%96%D1%8F
U9EKbzbiwg0AAAFM5.xRkrJ9,https://uk.wikipedia.org/wiki/%D0%91%D1%80%D0%B0%D0%B7%D0%B8%D0%BB%D1%8C%D1%81%D1%8C%D0%BA%D0%B0_%D1%96%D0%BC%D0%BF%D0%B5%D1%80%D1%96%D1%8F
O1QKbzbi3ZYAAAFMqfIfToH9,https://uk.wikipedia.org/wiki/%D0%99%D0%BE%D1%80%D0%B4%D0%B0%D0%BD%D1%96%D1%8F
nscKbzbiz8kAAAFMtGEfToVd,https://uk.wikipedia.org/wiki/%D0%90%D1%84%D1%80%D0%B8%D0%BA%D0%B0%D0%BD%D1%81%D1%8C%D0%BA%D0%B8%D0%B9_%D0%A1%D0%BE%D1%8E%D0%B7
HKoKbzbiQPUAAAFMelUfToYE,https://uk.wikipedia.org/wiki/%D0%90%D0%BB%D0%B1%D0%B0%D0%BD%D1%96%D1%8F
_NFa42mSTpwAAAFvmlxZ9sM5,https://uk.wikipedia.org/wiki/%D0%90%D0%BB%D0%B1%D0%B0%D0%BD%D1%96%D1%8F
LDsKbzbiHWUAAAFMSr0fTo_P,https://uk.wikipedia.org/wiki/%D0%91%D1%80%D0%B8%D1%82%D0%B0%D0%BD%D1%81%D1%8C%D0%BA%D0%B0_%D0%9E%D1%81%D1%82-%D0%86%D0%BD%D0%B4%D1%81%D1%8C%D0%BA%D0%B0_%D0%BA%D0%BE%D0%BC%D0%BF%D0%B0%D0%BD%D1%96%D1%8F
FCQKX9ISmDsAAAFToA0HOOeb,https://uk.wikipedia.org/wiki/%D0%9A%D1%96%D0%BF%D1%80
RygKbzbiWxIAAAFM5TUfToVC,https://uk.wikipedia.org/wiki/%D0%9A%D1%96%D0%BF%D1%80
ajIKbzbi4ScAAAFM9ApRkqt8,https://uk.wikipedia.org/wiki/%D0%A6%D0%B0%D1%80%D1%81%D1%82%D0%B2%D0%BE_%D0%9F%D0%BE%D0%BB%D1%8C%D1%81%D1%8C%D0%BA%D0%B5
0J0Kbzbi8s0AAAFMvHsfTog4,https://uk.wikipedia.org/wiki/%D0%A1%D1%82%D0%B0%D1%80%D0%BE%D0%B4%D0%B0%D0%B2%D0%BD%D1%8F_%D0%9C%D0%B0%D0%BA%D0%B5%D0%B4%D0%BE%D0%BD%D1%96%D1%8F
xecKbzbikegAAAFMotQfToty,https://uk.wikipedia.org/wiki/%D0%94%D0%B5%D1%80%D0%B6%D0%B0%D0%B2%D0%B0_%D0%A1%D0%B5%D0%BB%D0%B5%D0%B2%D0%BA%D1%96%D0%B4%D1%96%D0%B2
zAcKbzbiSekAAAFMjYrx3YDN,https://uk.wikipedia.org/wiki/%D0%A0%D1%96%D1%87_%D0%9F%D0%BE%D1%81%D0%BF%D0%BE%D0%BB%D0%B8%D1%82%D0%B0
E6IKbzbiAA4AAAFMWz4fToQA,https://uk.wikipedia.org/wiki/%D0%9A%D0%BE%D1%80%D0%BE%D0%BB%D1%96%D0%B2%D1%81%D1%82%D0%B2%D0%BE_%D0%9F%D1%80%D1%83%D1%81%D1%81%D1%96%D1%8F
F1AKbzbiVcMAAAFM3cQfTooC,https://uk.wikipedia.org/wiki/%D0%9A%D0%BE%D1%80%D0%BE%D0%BB%D1%96%D0%B2%D1%81%D1%82%D0%B2%D0%BE_%D0%9F%D0%BE%D0%BB%D1%8C%D1%81%D1%8C%D0%BA%D0%B5_(1385%E2%80%941569)
EkwKbzbi94oAAAFMmcrx3YBf,https://uk.wikipedia.org/wiki/%D0%9F%D0%BE%D0%BB%D1%8C%D1%81%D1%8C%D0%BA%D0%B0_%D1%80%D0%B5%D1%81%D0%BF%D1%83%D0%B1%D0%BB%D1%96%D0%BA%D0%B0_(1918_%E2%80%94_1939)
6sgKbzbi344AAAFMxiXx3YB5,https://uk.wikipedia.org/wiki/%D0%A1%D0%B2%D1%8F%D1%89%D0%B5%D0%BD%D0%BD%D0%B0_%D0%A0%D0%B8%D0%BC%D1%81%D1%8C%D0%BA%D0%B0_%D1%96%D0%BC%D0%BF%D0%B5%D1%80%D1%96%D1%8F
M3IKbzbiT5YAAAFMOegfToVN,https://uk.wikipedia.org/wiki/%D0%9C%D0%B0%D0%BB%D1%8C%D0%B4%D1%96%D0%B2%D0%B8
g_kKbzbiW00AAAFM0bMfToGk,https://uk.wikipedia.org/wiki/%D0%9F%D0%B5%D1%80%D1%88%D0%B0_%D0%90%D0%B2%D1%81%D1%82%D1%80%D1%96%D0%B9%D1%81%D1%8C%D0%BA%D0%B0_%D0%A0%D0%B5%D1%81%D0%BF%D1%83%D0%B1%D0%BB%D1%96%D0%BA%D0%B0
fZ4KbzbijkMAAAFMWKXx3YBO,https://uk.wikipedia.org/wiki/%D0%92%D0%B5%D0%BB%D0%B8%D0%BA%D0%B5_%D0%BA%D0%BD%D1%8F%D0%B7%D1%96%D0%B2%D1%81%D1%82%D0%B2%D0%BE_%D0%9B%D0%B8%D1%82%D0%BE%D0%B2%D1%81%D1%8C%D0%BA%D0%B5
wo0KbzbiauYAAAFMVuIfToKL,https://uk.wikipedia.org/wiki/%D0%9D%D1%96%D0%BC%D0%B5%D1%86%D1%8C%D0%BA%D0%B0_%D1%96%D0%BC%D0%BF%D0%B5%D1%80%D1%96%D1%8F
ResKbzbih5wAAAFMRwMfToNv,https://uk.wikipedia.org/wiki/%D0%92%D0%B5%D0%B9%D0%BC%D0%B0%D1%80%D1%81%D1%8C%D0%BA%D0%B0_%D1%80%D0%B5%D1%81%D0%BF%D1%83%D0%B1%D0%BB%D1%96%D0%BA%D0%B0
ES0Kbzbi9lcAAAFM0LYfToWL,https://uk.wikipedia.org/wiki/%D0%9F%D0%BE%D0%BB%D1%8C%D1%81%D1%8C%D0%BA%D0%B0_%D0%9D%D0%B0%D1%80%D0%BE%D0%B4%D0%BD%D0%B0_%D0%A0%D0%B5%D1%81%D0%BF%D1%83%D0%B1%D0%BB%D1%96%D0%BA%D0%B0
5d8KbzbiNcYAAAFMg68fTokA,https://uk.wikipedia.org/wiki/%D0%A1%D1%85%D1%96%D0%B4%D0%BD%D0%B8%D0%B9_%D0%A2%D0%B8%D0%BC%D0%BE%D1%80
5d8KbzbiNcYAAAFMg68fTokA,https://uk.wikipedia.org/wiki/%D0%A1%D1%85%D1%96%D0%B4%D0%BD%D0%B8%D0%B9_%D0%A2%D0%B8%D0%BC%D0%BE%D1%80
LssKbzbi38kAAAFMcCwfToPW,https://uk.wikipedia.org/wiki/%D0%90%D0%BB%D1%8C-%D0%90%D0%BD%D0%B4%D0%B0%D0%BB%D1%83%D1%81
dfoKbzbi61IAAAFMj2QfToaI,https://uk.wikipedia.org/wiki/%D0%90%D0%B2%D1%81%D1%82%D1%80%D1%96%D1%8F
dfoKbzbi61IAAAFMj2QfToaI,https://uk.wikipedia.org/wiki/%D0%90%D0%B2%D1%81%D1%82%D1%80%D1%96%D1%8F
8bYKbzbi.rwAAAFM3bMfToPB,https://uk.wikipedia.org/wiki/%D0%9A%D0%B0%D0%B1%D0%BE-%D0%92%D0%B5%D1%80%D0%B4%D0%B5
d68Kbzbi0xcAAAFMZuUfTo53,https://uk.wikipedia.org/wiki/%D0%86%D0%B7%D1%80%D0%B0%D1%97%D0%BB%D1%8C
_mMKbzbiEu4AAAFMAKbx3YCg,https://uk.wikipedia.org/wiki/%D0%9B%D0%B0%D1%82%D0%B2%D1%96%D1%8F
d8oKbzbixkoAAAFMnB3x3YCh,https://uk.wikipedia.org/wiki/%D0%A2%D1%80%D1%96%D1%81%D1%82%D0%B0%D0%BD-%D0%B4%D0%B0-%D0%9A%D1%83%D0%BD%D1%8C%D1%8F
7hUKbzbiQ_QAAAFMuZDx3YDu,https://uk.wikipedia.org/wiki/%D0%9A%D0%B0%D0%BD%D0%B0%D0%B4%D0%B0
msAKbzbicygAAAFMcpcfTpzp,https://uk.wikipedia.org/wiki/%D0%86%D1%80%D0%B0%D0%BD
rp8Kbzbi.rEAAAFM8n8fToMs,https://uk.wikipedia.org/wiki/%D0%94%D0%B5%D1%80%D0%B6%D0%B0%D0%B2%D0%B0_%D0%A1%D0%B0%D1%81%D0%B0%D0%BD%D1%96%D0%B4%D1%96%D0%B2
2C4KbzbimfEAAAFMaIIfTo2_,https://uk.wikipedia.org/wiki/%D0%A1%D0%BF%D0%BE%D0%BB%D1%83%D1%87%D0%B5%D0%BD%D1%96_%D0%A8%D1%82%D0%B0%D1%82%D0%B8_%D0%90%D0%BC%D0%B5%D1%80%D0%B8%D0%BA%D0%B8
6DAKbzbi.10AAAFMWLbx3YD7,https://uk.wikipedia.org/wiki/%D0%92%D1%96%D1%80%D0%B3%D1%96%D0%BD%D1%81%D1%8C%D0%BA%D1%96_%D0%BE%D1%81%D1%82%D1%80%D0%BE%D0%B2%D0%B8
PW8Kbzbisl0AAAFMqLQfToQt,https://uk.wikipedia.org/wiki/%D0%9F%D0%BE%D0%BB%D1%8C%D1%89%D0%B0
uwAKbzbiFiUAAAFMLQofToQ3,https://uk.wikipedia.org/wiki/%D0%9C%D0%B5%D0%BA%D1%81%D0%B8%D0%BA%D0%B0
M2AKbzbiFOQAAAFMjdAfToOt,https://uk.wikipedia.org/wiki/%D0%9A%D0%B5%D0%B4%D0%B0%D1%85
nG8Kbzbi0DsAAAFMtghY_tab,https://uk.wikipedia.org/wiki/%D0%9A%D0%B5%D0%BB%D0%B0%D0%BD%D1%82%D0%B0%D0%BD
B1oKbzbiRl8AAAFMF7wfTpkE,https://uk.wikipedia.org/wiki/%D0%93%D1%80%D0%B5%D0%BD%D0%B0%D0%B4%D0%B0
B1oKbzbiRl8AAAFMF7wfTpkE,https://uk.wikipedia.org/wiki/%D0%93%D1%80%D0%B5%D0%BD%D0%B0%D0%B4%D0%B0
2sgKbzbiowUAAAFMmVAfToRK,https://uk.wikipedia.org/wiki/%D0%9A%D0%BE%D1%80%D0%BE%D0%BB%D1%96%D0%B2%D1%81%D1%82%D0%B2%D0%BE_%D0%93%D1%80%D0%B5%D1%86%D1%96%D1%8F
2sgKbzbiowUAAAFMmVAfToRK,https://uk.wikipedia.org/wiki/%D0%9A%D0%BE%D1%80%D0%BE%D0%BB%D1%96%D0%B2%D1%81%D1%82%D0%B2%D0%BE_%D0%93%D1%80%D0%B5%D1%86%D1%96%D1%8F
2sgKbzbiowUAAAFMmVAfToRK,https://uk.wikipedia.org/wiki/%D0%9A%D0%BE%D1%80%D0%BE%D0%BB%D1%96%D0%B2%D1%81%D1%82%D0%B2%D0%BE_%D0%93%D1%80%D0%B5%D1%86%D1%96%D1%8F
4CoKbzbiJJwAAAFM0LAfTojq,https://uk.wikipedia.org/wiki/%D0%93%D1%80%D0%B5%D1%86%D1%96%D1%8F
_rcKbzbiNcgAAAFMRVhRkrFg,https://uk.wikipedia.org/wiki/%D0%94%D1%80%D1%83%D0%B3%D0%B0_%D0%93%D1%80%D0%B5%D1%86%D1%8C%D0%BA%D0%B0_%D0%A0%D0%B5%D1%81%D0%BF%D1%83%D0%B1%D0%BB%D1%96%D0%BA%D0%B0
jl4KbzbiOV4AAAFMtVwfToRC,https://uk.wikipedia.org/wiki/%D0%91%D0%B5%D0%BB%D1%96%D0%B7
DowKbzbitFEAAAFMCnUfToRD,https://uk.wikipedia.org/wiki/%D0%A4%D1%96%D0%BD%D0%BB%D1%8F%D0%BD%D0%B4%D1%96%D1%8F
DowKbzbitFEAAAFMCnUfToRD,https://uk.wikipedia.org/wiki/%D0%A4%D1%96%D0%BD%D0%BB%D1%8F%D0%BD%D0%B4%D1%96%D1%8F
e3IKbzbiBxkAAAFMK2cfToLN,https://uk.wikipedia.org/wiki/%D0%95%D0%BA%D0%B2%D0%B0%D1%82%D0%BE%D1%80%D1%96%D0%B0%D0%BB%D1%8C%D0%BD%D0%B0_%D0%93%D0%B2%D1%96%D0%BD%D0%B5%D1%8F
KNEKbzbijL8AAAFMqJUVZvBf,https://uk.wikipedia.org/wiki/%D0%93%D0%BE%D0%BB%D0%BB%D0%B0%D0%BD%D0%B4%D1%81%D1%8C%D0%BA%D0%B0_%D0%9E%D1%81%D1%82-%D0%86%D0%BD%D0%B4%D1%96%D0%B9%D1%81%D1%8C%D0%BA%D0%B0_%D0%BA%D0%BE%D0%BC%D0%BF%D0%B0%D0%BD%D1%96%D1%8F
t44Kbzbi6SAAAAFMD6rx3YFQ,https://uk.wikipedia.org/wiki/%D0%90%D1%84%D0%B3%D0%B0%D0%BD%D1%96%D1%81%D1%82%D0%B0%D0%BD
rkYKbzbiaDUAAAFMlAcfToPt,https://uk.wikipedia.org/wiki/%D0%95%D0%BC%D1%96%D1%80%D0%B0%D1%82_%D0%90%D1%84%D0%B3%D0%B0%D0%BD%D1%96%D1%81%D1%82%D0%B0%D0%BD
PW8Kbzbisl0AAAFMqLQfToQt,https://uk.wikipedia.org/wiki/%D0%9F%D0%BE%D0%BB%D1%8C%D1%89%D0%B0
ydgKbzbifD8AAAFMqDYfTosy,https://uk.wikipedia.org/wiki/%D0%9D%D1%96%D0%B4%D0%B5%D1%80%D0%BB%D0%B0%D0%BD%D0%B4%D1%81%D1%8C%D0%BA%D1%96_%D0%90%D0%BD%D1%82%D0%B8%D0%BB%D1%8C%D1%81%D1%8C%D0%BA%D1%96_%D0%BE%D1%81%D1%82%D1%80%D0%BE%D0%B2%D0%B8
9ssKbzbiEaMAAAFMO8IfToJ8,https://uk.wikipedia.org/wiki/%D0%9F%D0%B5%D1%80%D1%88%D0%B0_%D0%9F%D0%BE%D1%80%D1%82%D1%83%D0%B3%D0%B0%D0%BB%D1%8C%D1%81%D1%8C%D0%BA%D0%B0_%D0%A0%D0%B5%D1%81%D0%BF%D1%83%D0%B1%D0%BB%D1%96%D0%BA%D0%B0
skQKbzbikm0AAAFMihUfToqz,https://uk.wikipedia.org/wiki/%D0%9F%D0%BE%D1%80%D1%82%D1%83%D0%B3%D0%B0%D0%BB%D1%96%D1%8F
FswKbzbiyH0AAAFMn54fTpVM,https://uk.wikipedia.org/wiki/%D0%9D%D0%BE%D0%B2%D0%B0_%D0%B4%D0%B5%D1%80%D0%B6%D0%B0%D0%B2%D0%B0_(%D0%9F%D0%BE%D1%80%D1%82%D1%83%D0%B3%D0%B0%D0%BB%D1%96%D1%8F)
z04KbzbiR48AAAFMpS8fToRO,https://uk.wikipedia.org/wiki/%D0%A0%D0%BE%D1%81%D1%96%D1%8F
z04KbzbiR48AAAFMpS8fToRO,https://uk.wikipedia.org/wiki/%D0%A0%D0%BE%D1%81%D1%96%D1%8F
Aw0KbzbiogsAAAFMazcfToHg,https://uk.wikipedia.org/wiki/%D0%9F%D0%BE%D1%80%D1%82%D1%83%D0%B3%D0%B0%D0%BB%D1%8C%D1%81%D1%8C%D0%BA%D0%B0_%D0%BA%D0%BE%D0%BB%D0%BE%D0%BD%D1%96%D0%B0%D0%BB%D1%8C%D0%BD%D0%B0_%D1%96%D0%BC%D0%BF%D0%B5%D1%80%D1%96%D1%8F
v1gKbzbiUvYAAAFMYFQfToqI,https://uk.wikipedia.org/wiki/%D0%9A%D0%BE%D1%80%D0%BE%D0%BB%D1%96%D0%B2%D1%81%D1%82%D0%B2%D0%BE_%D0%86%D1%81%D0%BF%D0%B0%D0%BD%D1%96%D1%8F_(1874%E2%80%941931)
r1YKbzbiC68AAAFMhLcfTopp,https://uk.wikipedia.org/wiki/%D0%94%D1%80%D1%83%D0%B3%D0%B0_%D0%86%D1%81%D0%BF%D0%B0%D0%BD%D1%81%D1%8C%D0%BA%D0%B0_%D0%A0%D0%B5%D1%81%D0%BF%D1%83%D0%B1%D0%BB%D1%96%D0%BA%D0%B0
51IKbzbi3v8AAAFMg0EfToIK,https://uk.wikipedia.org/wiki/%D0%86%D1%81%D0%BF%D0%B0%D0%BD%D1%96%D1%8F
51IKbzbi3v8AAAFMg0EfToIK,https://uk.wikipedia.org/wiki/%D0%86%D1%81%D0%BF%D0%B0%D0%BD%D1%96%D1%8F
sWcKbzbiElsAAAFMYekfTobc,https://uk.wikipedia.org/wiki/%D0%86%D1%81%D0%BF%D0%B0%D0%BD%D1%81%D1%8C%D0%BA%D0%B0_%D0%86%D0%BC%D0%BF%D0%B5%D1%80%D1%96%D1%8F
uwAKbzbiFiUAAAFMLQofToQ3,https://uk.wikipedia.org/wiki/%D0%9C%D0%B5%D0%BA%D1%81%D0%B8%D0%BA%D0%B0
I8YKbzbiKmwAAAFM8q0fTphw,https://uk.wikipedia.org/wiki/%D0%9F%D0%B5%D1%80%D1%88%D0%B0_%D0%9C%D0%B5%D0%BA%D1%81%D0%B8%D0%BA%D0%B0%D0%BD%D1%81%D1%8C%D0%BA%D0%B0_%D1%96%D0%BC%D0%BF%D0%B5%D1%80%D1%96%D1%8F
xy0KbzbinSkAAAFMte8fTosr,https://uk.wikipedia.org/wiki/%D0%9D%D0%BE%D0%B2%D0%B0_%D0%86%D1%81%D0%BF%D0%B0%D0%BD%D1%96%D1%8F
.PQKbzbi7aAAAAFMx6gfToPd,https://uk.wikipedia.org/wiki/%D0%92%D0%B5%D0%BB%D0%B8%D0%BA%D0%B0_%D0%9A%D0%BE%D0%BB%D1%83%D0%BC%D0%B1%D1%96%D1%8F
T6AKbzbiaVoAAAFMAzzx3YCS,https://uk.wikipedia.org/wiki/%D0%A0%D0%B5%D1%81%D0%BF%D1%83%D0%B1%D0%BB%D1%96%D0%BA%D0%B0_%D0%9D%D0%BE%D0%B2%D0%B0_%D0%93%D1%80%D0%B0%D0%BD%D0%B0%D0%B4%D0%B0
nj8KbzbiEUsAAAFM_csfToa0,https://uk.wikipedia.org/wiki/%D0%9A%D0%BE%D0%BB%D1%83%D0%BC%D0%B1%D1%96%D1%8F
L7wKbzbihIUAAAFMQUVRkqoz,https://uk.wikipedia.org/wiki/%D0%9D%D0%BE%D0%B2%D0%B0_%D2%90%D1%80%D0%B0%D0%BD%D0%B0%D0%B4%D0%B0
nj8KbzbiEUsAAAFM_csfToa0,https://uk.wikipedia.org/wiki/%D0%9A%D0%BE%D0%BB%D1%83%D0%BC%D0%B1%D1%96%D1%8F
Tk8KbzbiCkMAAAFMvdMfTpP1,https://uk.wikipedia.org/wiki/%D0%92%D0%B0%D1%82%D0%B8%D0%BA%D0%B0%D0%BD
FCYKbzbipAsAAAFMZ0QfToMM,https://uk.wikipedia.org/wiki/%D0%86%D1%82%D0%B0%D0%BB%D1%96%D1%8F
O5UKbzbibDkAAAFM0osfTp23,https://uk.wikipedia.org/wiki/%D0%9F%D0%B0%D0%BD%D0%B0%D0%BC%D0%B0
lRkKbzbi2a4AAAFMe7bx3YBG,https://uk.wikipedia.org/wiki/%D0%9D%D1%96%D0%BC%D0%B5%D1%87%D1%87%D0%B8%D0%BD%D0%B0
qMb13WdUspYAAAFwWWnK8cEG,https://uk.wikipedia.org/wiki/%D0%9D%D1%96%D0%BC%D0%B5%D1%86%D1%8C%D0%BA%D0%B8%D0%B9_%D1%81%D0%BE%D1%8E%D0%B7
_I0KbzbijL8AAAFMcakfTo_v,https://uk.wikipedia.org/wiki/%D0%9D%D1%96%D0%BC%D0%B5%D1%86%D1%8C%D0%BA%D0%B8%D0%B9_%D1%81%D0%BE%D1%8E%D0%B7
BMcKbzbixc0AAAFMYwlY_sp4,https://uk.wikipedia.org/wiki/%D0%9F%D1%96%D0%B2%D0%BD%D1%96%D1%87%D0%BD%D0%BE%D0%BD%D1%96%D0%BC%D0%B5%D1%86%D1%8C%D0%BA%D0%B8%D0%B9_%D1%81%D0%BE%D1%8E%D0%B7
ltAKbzbiiKYAAAFMc1kfTom3,https://uk.wikipedia.org/wiki/%D0%A0%D0%B5%D0%B9%D0%BD%D1%81%D1%8C%D0%BA%D0%B8%D0%B9_%D1%81%D0%BE%D1%8E%D0%B7
ZlEKbzbi4EoAAAFM7_QfToOi,https://uk.wikipedia.org/wiki/%D0%90%D0%BB%D1%8C%D1%82%D0%B5%D0%BD%D0%B0
5xQKbzbiiokAAAFME6UfToL4,https://uk.wikipedia.org/wiki/%D0%95%D0%BB%D1%8C%D0%B7%D0%B0%D1%81
AJoKbzbiNLEAAAFMKDfx3YFg,https://uk.wikipedia.org/wiki/%D0%90%D1%83%D0%B3%D1%81%D0%B1%D1%83%D1%80%D0%B3
1uEKbzbiHoIAAAFMBT3x3YBa,https://uk.wikipedia.org/wiki/%D0%92%D1%96%D0%B7%D0%B0%D0%BD%D1%82%D1%96%D1%8F
tusKbzbiqe0AAAFMZ8ofToJg,https://uk.wikipedia.org/wiki/%D0%91%D0%B0%D0%B2%D0%B0%D1%80%D1%96%D1%8F_(%D0%B3%D0%B5%D1%80%D1%86%D0%BE%D0%B3%D1%81%D1%82%D0%B2%D0%BE)
OLgKbzbiciUAAAFMpf4fToK0,https://uk.wikipedia.org/wiki/%D0%91%D0%B0%D0%B2%D0%B0%D1%80%D1%96%D1%8F_(%D0%BA%D1%83%D1%80%D1%84%D1%8E%D1%80%D1%81%D1%82%D0%B2%D0%BE)
jdEKbzbiwicAAAFMm8wfToLQ,https://uk.wikipedia.org/wiki/%D0%9A%D0%BE%D1%80%D0%BE%D0%BB%D1%96%D0%B2%D1%81%D1%82%D0%B2%D0%BE_%D0%91%D0%B0%D0%B2%D0%B0%D1%80%D1%96%D1%8F
0A4KbzbiVIwAAAFMEDcfTold,https://uk.wikipedia.org/wiki/%D0%90%D0%B2%D1%81%D1%82%D1%80%D0%B0%D0%BB%D1%96%D0%B9%D1%81%D1%8C%D0%BA%D0%B8%D0%B9_%D0%A1%D0%BE%D1%8E%D0%B7
0A4KbzbiVIwAAAFMEDcfTold,https://uk.wikipedia.org/wiki/%D0%90%D0%B2%D1%81%D1%82%D1%80%D0%B0%D0%BB%D1%96%D0%B9%D1%81%D1%8C%D0%BA%D0%B8%D0%B9_%D0%A1%D0%BE%D1%8E%D0%B7
ge8KbzbiABIAAAFMhoMfTotf,https://uk.wikipedia.org/wiki/%D0%A1%D0%B0%D0%BD-%D0%A2%D0%BE%D0%BC%D0%B5_%D1%96_%D0%9F%D1%80%D0%B8%D0%BD%D1%81%D1%96%D0%BF%D1%96
qj0Kbzbi4q4AAAFM.w0fToRJ,https://uk.wikipedia.org/wiki/%D0%9E%D0%B1%27%D1%94%D0%B4%D0%BD%D0%B0%D0%BD%D1%96_%D0%BF%D1%80%D0%BE%D0%B2%D1%96%D0%BD%D1%86%D1%96%D1%97_%D0%A0%D1%96%D0%BE-%D0%B4%D0%B5-%D0%BB%D0%B0-%D0%9F%D0%BB%D0%B0%D1%82%D0%B8
oxUKbzbiQHMAAAFMpfBY_ti3,https://uk.wikipedia.org/wiki/%D0%90%D1%80%D0%B3%D0%B5%D0%BD%D1%82%D0%B8%D0%BD%D1%81%D1%8C%D0%BA%D0%B0_%D0%BA%D0%BE%D0%BD%D1%84%D0%B5%D0%B4%D0%B5%D1%80%D0%B0%D1%86%D1%96%D1%8F
7O8KbzbilVkAAAFMxiofTpXA,https://uk.wikipedia.org/wiki/%D0%A0%D1%96%D0%BE-%D0%B4%D0%B5-%D0%BB%D0%B0-%D0%9F%D0%BB%D0%B0%D1%82%D0%B0_(%D0%B2%D1%96%D1%86%D0%B5-%D0%BA%D0%BE%D1%80%D0%BE%D0%BB%D1%96%D0%B2%D1%81%D1%82%D0%B2%D0%BE)
EsUKbzbiZwgAAAFMJ57x3YD3,https://uk.wikipedia.org/wiki/%D0%92%D1%96%D1%86%D0%B5-%D0%BA%D0%BE%D1%80%D0%BE%D0%BB%D1%96%D0%B2%D1%81%D1%82%D0%B2%D0%BE_%D0%9F%D0%B5%D1%80%D1%83
7A0KbzbiIA8AAAFMdkVRkqN_,https://uk.wikipedia.org/wiki/%D0%9F%D0%B5%D1%80%D1%83
m7YKbzbiFJgAAAFMyY7x3YCK,https://uk.wikipedia.org/wiki/%D0%A7%D0%B8%D0%BB%D1%96
FhoKbzbirxAAAAFM4M4fTpA5,https://uk.wikipedia.org/wiki/%D0%90%D1%80%D0%B3%D0%B5%D0%BD%D1%82%D0%B8%D0%BD%D0%B0
FhoKbzbirxAAAAFM4M4fTpA5,https://uk.wikipedia.org/wiki/%D0%90%D1%80%D0%B3%D0%B5%D0%BD%D1%82%D0%B8%D0%BD%D0%B0
Ja8Kbzbi5QUAAAFMC4wfTov_,https://uk.wikipedia.org/wiki/%D0%9F%D0%B0%D1%80%D0%B0%D0%B3%D0%B2%D0%B0%D0%B9
U9cKbzbig4UAAAFMrT4fToQH,https://uk.wikipedia.org/wiki/%D0%91%D0%BE%D0%BB%D1%96%D0%B2%D1%96%D1%8F
U9cKbzbig4UAAAFMrT4fToQH,https://uk.wikipedia.org/wiki/%D0%91%D0%BE%D0%BB%D1%96%D0%B2%D1%96%D1%8F
ghQKbzbi3KYAAAFMrZUVZvOg,https://uk.wikipedia.org/wiki/%D0%91%D1%80%D0%B0%D0%B7%D0%B8%D0%BB%D1%8C%D1%81%D1%8C%D0%BA%D0%B0_%D0%A1%D1%82%D0%B0%D1%80%D0%B0_%D1%80%D0%B5%D1%81%D0%BF%D1%83%D0%B1%D0%BB%D1%96%D0%BA%D0%B0
.dQKbzbi7Q0AAAFMXZ0fToJC,https://uk.wikipedia.org/wiki/%D0%95%D1%80%D0%B0_%D0%92%D0%B0%D1%80%D0%B3%D0%B0%D1%81%D0%B0
rscKbzbis8UAAAFM9eEfToQc,https://uk.wikipedia.org/wiki/%D0%A0%D0%B8%D0%BC%D1%81%D1%8C%D0%BA%D0%B8%D0%B9_%D0%84%D0%B3%D0%B8%D0%BF%D0%B5%D1%82
nIwKbzbisPkAAAFMOScfToo7,https://uk.wikipedia.org/wiki/%D0%95%D0%BB%D0%BB%D1%96%D0%BD%D1%96%D1%81%D1%82%D0%B8%D1%87%D0%BD%D0%B8%D0%B9_%D0%84%D0%B3%D0%B8%D0%BF%D0%B5%D1%82
pwkKbzbiLNsAAAFMRM8fTobH,https://uk.wikipedia.org/wiki/%D0%9D%D1%8C%D1%8E%D1%84%D0%B0%D1%83%D0%BD%D0%B4%D0%BB%D0%B5%D0%BD%D0%B4_%D1%96_%D0%9B%D0%B0%D0%B1%D1%80%D0%B0%D0%B4%D0%BE%D1%80
naYKbzbii4kAAAFM.zEfToz1,https://uk.wikipedia.org/wiki/%D0%90%D0%BB%D0%B1%D0%B0%D0%BD%D1%81%D1%8C%D0%BA%D0%B0_%D1%80%D0%B5%D1%81%D0%BF%D1%83%D0%B1%D0%BB%D1%96%D0%BA%D0%B0
L9sKbzbi0D4AAAFMDYofToR5,https://uk.wikipedia.org/wiki/%D0%91%D0%B5%D0%BB%D1%8C%D0%B3%D1%96%D0%B9%D1%81%D1%8C%D0%BA%D0%B5_%D0%9A%D0%BE%D0%BD%D0%B3%D0%BE
GrMKbzbi__EAAAFMODYfTokW,https://uk.wikipedia.org/wiki/%D0%91%D0%BE%D0%BB%D0%B3%D0%B0%D1%80%D1%96%D1%8F
luEKbzbijWIAAAFMGKUfTojw,https://uk.wikipedia.org/wiki/%D0%91%D0%B0%D1%85%D1%80%D0%B5%D0%B9%D0%BD
4oEKbzbiBRMAAAFMNUgfTpOO,https://uk.wikipedia.org/wiki/%D0%91%D1%83%D1%80%D1%83%D0%BD%D0%B4%D1%96
0KIKbzbiwLgAAAFMbdDx3YCi,https://uk.wikipedia.org/wiki/%D0%91%D0%B5%D0%BD%D1%96%D0%BD
TFEKbzbik4IAAAFMlAMfToMb,https://uk.wikipedia.org/wiki/%D0%91%D0%B5%D1%80%D0%BC%D1%83%D0%B4%D1%81%D1%8C%D0%BA%D1%96_%D0%BE%D1%81%D1%82%D1%80%D0%BE%D0%B2%D0%B8
SbkKbzbic0wAAAFMzi0fToVa,https://uk.wikipedia.org/wiki/%D0%91%D0%B0%D1%80%D0%B1%D0%B0%D0%B4%D0%BE%D1%81
IncKbzbiepUAAAFMD5wfTopS,https://uk.wikipedia.org/wiki/%D0%93%D0%B0%D0%BB%D0%B0%D0%BF%D0%B0%D0%B3%D0%BE%D1%81%D1%8C%D0%BA%D1%96_%D0%BE%D1%81%D1%82%D1%80%D0%BE%D0%B2%D0%B8
sbwKbzbiH2kAAAFMv.ofToeo,https://uk.wikipedia.org/wiki/%D0%91%D0%B0%D0%BD%D0%B3%D0%BB%D0%B0%D0%B4%D0%B5%D1%88
rhoKbzbi6CMAAAFMuAsfToJZ,https://uk.wikipedia.org/wiki/%D0%91%D0%B5%D0%BB%D1%8C%D0%B3%D1%96%D1%8F
lxwKbzbiL10AAAFMTPYfToOn,https://uk.wikipedia.org/wiki/%D0%9A%D0%BE%D0%BA%D0%BE%D1%81%D0%BE%D0%B2%D1%96_%D0%BE%D1%81%D1%82%D1%80%D0%BE%D0%B2%D0%B8
azwKbzbisH4AAAFMrb4fToJF,https://uk.wikipedia.org/wiki/%D0%94%D0%B5%D0%BC%D0%BE%D0%BA%D1%80%D0%B0%D1%82%D0%B8%D1%87%D0%BD%D0%B0_%D0%A0%D0%B5%D1%81%D0%BF%D1%83%D0%B1%D0%BB%D1%96%D0%BA%D0%B0_%D0%9A%D0%BE%D0%BD%D0%B3%D0%BE
hH0KbzbiCQoAAAFNejOx3REN,https://uk.wikipedia.org/wiki/%D0%9A%D0%BE%D1%82-%D0%B4%27%D0%86%D0%B2%D1%83%D0%B0%D1%80
RfEKbzbie_wAAAFMfuUfToJh,https://uk.wikipedia.org/wiki/%D0%91%D1%83%D1%82%D0%B0%D0%BD
a1MKbzbiBvoAAAFMpkIfTpUV,https://uk.wikipedia.org/wiki/%D0%91%D0%BE%D0%B3%D0%B5%D0%BC%D1%96%D1%8F
5HwKbzbi0VAAAAFM7.8fToVM,https://uk.wikipedia.org/wiki/%D0%91%D0%BE%D1%81%D0%BD%D1%96%D1%8F_%D1%96_%D0%93%D0%B5%D1%80%D1%86%D0%B5%D0%B3%D0%BE%D0%B2%D0%B8%D0%BD%D0%B0
jyYKbzbiPlcAAAFMS1IfTpH5,https://uk.wikipedia.org/wiki/%D0%91%D0%BE%D1%81%D0%BF%D0%BE%D1%80%D1%81%D1%8C%D0%BA%D0%B0_%D0%B4%D0%B5%D1%80%D0%B6%D0%B0%D0%B2%D0%B0
aOQKbzbiJNoAAAFMomUfTpXR,https://uk.wikipedia.org/wiki/%D0%91%D0%BE%D1%82%D1%81%D0%B2%D0%B0%D0%BD%D0%B0
AaYKbzbi5TgAAAFMJrEfTpPl,https://uk.wikipedia.org/wiki/%D0%91%D1%80%D0%B0%D0%B7%D0%B8%D0%BB%D1%96%D1%8F
OUIKbzbiAv0AAAFMLIjx3YD4,https://uk.wikipedia.org/wiki/%D0%A4%D0%BB%D0%B0%D0%BD%D0%B4%D1%80%D1%96%D1%8F_(%D0%B3%D1%80%D0%B0%D1%84%D1%81%D1%82%D0%B2%D0%BE)
Hv0KbzbiZyEAAAFMuFtRkr5i,https://uk.wikipedia.org/wiki/%D0%9A%D0%BE%D1%80%D0%BE%D0%BB%D1%96%D0%B2%D1%81%D1%82%D0%B2%D0%BE_%D0%86%D1%82%D0%B0%D0%BB%D1%96%D1%8F_(%D0%9D%D0%B0%D0%BF%D0%BE%D0%BB%D0%B5%D0%BE%D0%BD%D1%96%D0%B2%D1%81%D1%8C%D0%BA%D0%B5)
FCYKbzbipAsAAAFMZ0QfToMM,https://uk.wikipedia.org/wiki/%D0%86%D1%82%D0%B0%D0%BB%D1%96%D1%8F
xcAKbzbiXbgAAAFMwIEfTpVV,https://uk.wikipedia.org/wiki/%D0%A4%D1%96%D0%BB%D1%96%D0%BF%D0%BF%D1%96%D0%BD%D0%B8
4PgKbzbi30oAAAFMoM0fTpuq,https://uk.wikipedia.org/wiki/%D0%9A%D0%BE%D1%80%D0%BE%D0%BB%D1%96%D0%B2%D1%81%D1%82%D0%B2%D0%BE_%D0%A1%D0%B0%D0%BA%D1%81%D0%BE%D0%BD%D1%96%D1%8F
RncKbzbi3fIAAAFMJPYfToS.,https://uk.wikipedia.org/wiki/%D0%A3%D0%B3%D0%BE%D1%80%D1%89%D0%B8%D0%BD%D0%B0
TCYKbzbiJPgAAAFMvbYfToV3,https://uk.wikipedia.org/wiki/%D0%92%D0%B5%D0%BB%D0%B8%D0%BA%D0%B0_%D0%91%D1%80%D0%B8%D1%82%D0%B0%D0%BD%D1%96%D1%8F
qO4KbzbiFAAAAAFNki0rjU_8,https://uk.wikipedia.org/wiki/%D0%92%D1%96%D0%BB%D1%8C%D0%BD%D0%B0_%D0%B4%D0%B5%D1%80%D0%B6%D0%B0%D0%B2%D0%B0_%D0%9A%D0%BE%D0%BD%D0%B3%D0%BE
yMsKbzbib1EAAAFNWz9mYFiQ,https://uk.wikipedia.org/wiki/%D0%9C%D0%B0%D0%BC%D0%BB%D1%8E%D0%BA%D1%81%D1%8C%D0%BA%D0%B8%D0%B9_%D1%81%D1%83%D0%BB%D1%82%D0%B0%D0%BD%D0%B0%D1%82
bCoKbzbibTcAAAFNyH9mYFjU,https://uk.wikipedia.org/wiki/%D0%86%D0%BC%D0%BF%D0%B5%D1%80%D1%96%D1%8F_%D0%90%D1%85%D0%B5%D0%BC%D0%B5%D0%BD%D1%96%D0%B4%D1%96%D0%B2
yY4KbzbiHXgAAAFNoeZmYFge,https://uk.wikipedia.org/wiki/%D0%9F%D0%B0%D1%80%D1%84%27%D1%8F%D0%BD%D1%81%D1%8C%D0%BA%D0%B5_%D1%86%D0%B0%D1%80%D1%81%D1%82%D0%B2%D0%BE
7A4KbzbiwZYAAAFNhIRmYHGK,https://uk.wikipedia.org/wiki/%D0%9A%D0%BE%D1%80%D0%B5%D0%B9%D1%81%D1%8C%D0%BA%D0%B0_%D1%96%D0%BC%D0%BF%D0%B5%D1%80%D1%96%D1%8F
DeAKbzbi0LYAAAFNzNTSi7bt,https://uk.wikipedia.org/wiki/%D0%9A%D0%BE%D1%80%D0%B5%D1%8F
DowKbzbitFEAAAFMCnUfToRD,https://uk.wikipedia.org/wiki/%D0%A4%D1%96%D0%BD%D0%BB%D1%8F%D0%BD%D0%B4%D1%96%D1%8F
2nkKbzbii8EAAAFNACPSi7gh,https://uk.wikipedia.org/wiki/%D0%92%D0%B5%D0%BB%D0%B8%D0%BA%D0%B5_%D0%BA%D0%BD%D1%8F%D0%B7%D1%96%D0%B2%D1%81%D1%82%D0%B2%D0%BE_%D0%A4%D1%96%D0%BD%D0%BB%D1%8F%D0%BD%D0%B4%D1%81%D1%8C%D0%BA%D0%B5
kZgKbzbiIHIAAAFNLjzSi7aq,https://uk.wikipedia.org/wiki/%D0%A1%D0%BE%D1%86%D1%96%D0%B0%D0%BB%D1%96%D1%81%D1%82%D0%B8%D1%87%D0%BD%D0%B0_%D0%A4%D0%B5%D0%B4%D0%B5%D1%80%D0%B0%D1%82%D0%B8%D0%B2%D0%BD%D0%B0_%D0%A0%D0%B5%D1%81%D0%BF%D1%83%D0%B1%D0%BB%D1%96%D0%BA%D0%B0_%D0%AE%D0%B3%D0%BE%D1%81%D0%BB%D0%B0%D0%B2%D1%96%D1%8F
bgEKbzbig_wAAAFNZGZZWMfZ,https://uk.wikipedia.org/wiki/%D0%A1%D0%B5%D1%80%D0%B1%D1%96%D1%8F
BpkKbzbiwOUAAAFQZftwoBs2,https://uk.wikipedia.org/wiki/%D0%A1%D0%B5%D1%80%D0%B1%D1%96%D1%8F_%D1%82%D0%B0_%D0%A7%D0%BE%D1%80%D0%BD%D0%BE%D0%B3%D0%BE%D1%80%D1%96%D1%8F
bgEKbzbig_wAAAFNZGZZWMfZ,https://uk.wikipedia.org/wiki/%D0%A1%D0%B5%D1%80%D0%B1%D1%96%D1%8F
PLsKbzbivfAAAAFM4elRkrE7,https://uk.wikipedia.org/wiki/%D0%94%D0%B6%D0%B0%D0%BC%D0%BC%D1%83_%D0%B9_%D0%9A%D0%B0%D1%88%D0%BC%D1%96%D1%80
rQMKbzbi0ZAAAAFMhxUfToj2,https://uk.wikipedia.org/wiki/%D0%86%D0%BD%D0%B4%D1%96%D1%8F
XLYKbzbizHMAAAFNp0zSi8F0,https://uk.wikipedia.org/wiki/%D0%93%D0%B2%D1%96%D0%BD%D0%B5%D1%8F
aZcKbzbi2TMAAAFNqO1HEfqM,https://uk.wikipedia.org/wiki/%D0%A8%D0%B2%D0%B5%D0%B4%D1%81%D1%8C%D0%BA%D0%BE-%D0%BD%D0%BE%D1%80%D0%B2%D0%B5%D0%B7%D1%8C%D0%BA%D0%B0_%D1%83%D0%BD%D1%96%D1%8F
o.UKbzbir5IAAAFN3V1HEfqP,https://uk.wikipedia.org/wiki/%D0%9D%D0%BE%D1%80%D0%B2%D0%B5%D0%B3%D1%96%D1%8F
03kKbzbi.AgAAAFN4QNHEfjK,https://uk.wikipedia.org/wiki/%D0%93%D0%B5%D1%81%D1%81%D0%B5%D0%BD-%D0%94%D0%B0%D1%80%D0%BC%D1%88%D1%82%D0%B0%D0%B4%D1%82
EHwKbzbijJ0AAAFNGQVHEfWR,https://uk.wikipedia.org/wiki/%D0%9A%D0%BE%D1%80%D0%BE%D0%BB%D1%96%D0%B2%D1%81%D1%82%D0%B2%D0%BE_%D0%92%D1%8E%D1%80%D1%82%D0%B5%D0%BC%D0%B1%D0%B5%D1%80%D0%B3
.TEKbzbizq8AAAFNINhHEfh7,https://uk.wikipedia.org/wiki/%D0%91%D1%96%D0%B0%D1%84%D1%80%D0%B0
4CoKbzbiJJwAAAFM0LAfTojq,https://uk.wikipedia.org/wiki/%D0%93%D1%80%D0%B5%D1%86%D1%96%D1%8F
rMYKbzbiCBQAAAFOHR25liM0,https://uk.wikipedia.org/wiki/%D0%9F%D0%B5%D1%80%D1%88%D0%B0_%D0%93%D1%80%D0%B5%D1%86%D1%8C%D0%BA%D0%B0_%D0%A0%D0%B5%D1%81%D0%BF%D1%83%D0%B1%D0%BB%D1%96%D0%BA%D0%B0
P8UKbzbihBgAAAFOcYC5liXs,https://uk.wikipedia.org/wiki/%D0%A6%D0%B5%D0%BD%D1%82%D1%80%D0%B0%D0%BB%D1%8C%D0%BD%D0%BE%D0%B0%D0%BC%D0%B5%D1%80%D0%B8%D0%BA%D0%B0%D0%BD%D1%81%D1%8C%D0%BA%D0%B0_%D1%84%D0%B5%D0%B4%D0%B5%D1%80%D0%B0%D1%86%D1%96%D1%8F
8EoKbzbibKsAAAFO5JLxBXsW,https://uk.wikipedia.org/wiki/%D0%92%D1%96%D0%BB%D1%8C%D0%BD%D0%B0_%D0%B4%D0%B5%D1%80%D0%B6%D0%B0%D0%B2%D0%B0_%D0%9F%D1%80%D1%83%D1%81%D1%81%D1%96%D1%8F_(1918%E2%80%931933)
azwKbzbisH4AAAFMrb4fToJF,https://uk.wikipedia.org/wiki/%D0%94%D0%B5%D0%BC%D0%BE%D0%BA%D1%80%D0%B0%D1%82%D0%B8%D1%87%D0%BD%D0%B0_%D0%A0%D0%B5%D1%81%D0%BF%D1%83%D0%B1%D0%BB%D1%96%D0%BA%D0%B0_%D0%9A%D0%BE%D0%BD%D0%B3%D0%BE
ukwKbzbidjcAAAFOXelP12Zx,https://uk.wikipedia.org/wiki/%D0%97%D0%B0%D1%97%D1%80
xOUKbzbijIEAAAFMg7AfTpth,https://uk.wikipedia.org/wiki/%D0%84%D0%B3%D0%B8%D0%BF%D0%B5%D1%82
aqQKbzbiDckAAAFO0VJ9aDzJ,https://uk.wikipedia.org/wiki/%D0%9A%D0%BE%D1%80%D0%BE%D0%BB%D1%96%D0%B2%D1%81%D1%82%D0%B2%D0%BE_%D0%84%D0%B3%D0%B8%D0%BF%D0%B5%D1%82
xOUKbzbijIEAAAFMg7AfTpth,https://uk.wikipedia.org/wiki/%D0%84%D0%B3%D0%B8%D0%BF%D0%B5%D1%82
Q6oKbzbiMqsAAAFO_PTFUM05,https://uk.wikipedia.org/wiki/%D0%9E%D0%B1%27%D1%94%D0%B4%D0%BD%D0%B0%D0%BD%D0%B5_%D0%BA%D0%BD%D1%8F%D0%B7%D1%96%D0%B2%D1%81%D1%82%D0%B2%D0%BE_%D0%92%D0%BE%D0%BB%D0%BE%D1%89%D0%B8%D0%BD%D0%B8_%D1%96_%D0%9C%D0%BE%D0%BB%D0%B4%D0%BE%D0%B2%D0%B8
sDAKbzbi8d0AAAFOfL_Ex3UP,https://uk.wikipedia.org/wiki/%D0%97%D0%B0%D1%85%D1%96%D0%B4%D0%BD%D1%96_%D0%A7%D0%B0%D0%BB%D1%83%D0%BA%27%D1%97
GYQKbzbivFQAAAFM7LYfTobT,https://uk.wikipedia.org/wiki/%D0%9B%D0%B8%D1%82%D0%B2%D0%B0
b2sKbzbihQgAAAFOufDxBY7n,https://uk.wikipedia.org/wiki/%D0%93%D0%B2%D0%B0%D1%82%D0%B5%D0%BC%D0%B0%D0%BB%D0%B0
b2sKbzbihQgAAAFOufDxBY7n,https://uk.wikipedia.org/wiki/%D0%93%D0%B2%D0%B0%D1%82%D0%B5%D0%BC%D0%B0%D0%BB%D0%B0
wKMKbzbi11MAAAFOWmDFUJoB,https://uk.wikipedia.org/wiki/%D0%A2%D1%80%D0%B8%D0%BD%D1%96%D0%B4%D0%B0%D0%B4_%D1%96_%D0%A2%D0%BE%D0%B1%D0%B0%D0%B3%D0%BE
QogKbzbispoAAAFO7pzFULDd,https://uk.wikipedia.org/wiki/%D0%A6%D0%B5%D0%BD%D1%82%D1%80%D0%B0%D0%BB%D1%8C%D0%BD%D0%BE%D0%B0%D1%84%D1%80%D0%B8%D0%BA%D0%B0%D0%BD%D1%81%D1%8C%D0%BA%D0%B0_%D0%A0%D0%B5%D1%81%D0%BF%D1%83%D0%B1%D0%BB%D1%96%D0%BA%D0%B0
KtgKbzbiz64AAAFOMtDFUL6b,https://uk.wikipedia.org/wiki/%D0%9F%D1%96%D0%B2%D0%B4%D0%B5%D0%BD%D0%BD%D0%B0_%D0%94%D0%B6%D0%BE%D1%80%D0%B4%D0%B6%D1%96%D1%8F_%D1%82%D0%B0_%D0%9F%D1%96%D0%B2%D0%B4%D0%B5%D0%BD%D0%BD%D1%96_%D0%A1%D0%B0%D0%BD%D0%B4%D0%B2%D1%96%D1%87%D0%B5%D0%B2%D1%96_%D0%BE%D1%81%D1%82%D1%80%D0%BE%D0%B2%D0%B8
PzUKbzbimvEAAAFQJk5woAXH,https://uk.wikipedia.org/wiki/%D0%91%D1%80%D0%B8%D1%82%D0%B0%D0%BD%D1%81%D1%8C%D0%BA%D1%96_%D0%B7%D0%B0%D0%BC%D0%BE%D1%80%D1%81%D1%8C%D0%BA%D1%96_%D1%82%D0%B5%D1%80%D0%B8%D1%82%D0%BE%D1%80%D1%96%D1%97
xi0KbzbiXmUAAAFOy9_FUJu2,https://uk.wikipedia.org/wiki/%D0%9E%D1%81%D1%82%D1%80%D1%96%D0%B2_%D0%92%D0%BE%D0%B7%D0%BD%D0%B5%D1%81%D1%96%D0%BD%D0%BD%D1%8F
Bp4KbzbiYIkAAAFOkebFULfF,https://uk.wikipedia.org/wiki/%D0%A4%D0%BE%D0%BB%D0%BA%D0%BB%D0%B5%D0%BD%D0%B4%D1%81%D1%8C%D0%BA%D1%96_%D0%BE%D1%81%D1%82%D1%80%D0%BE%D0%B2%D0%B8
5tcKbzbiYrAAAAFOZMLxBZXv,https://uk.wikipedia.org/wiki/%D0%92%D1%96%D0%BB%D1%8C%D0%BD%D0%B5_%D0%BC%D1%96%D1%81%D1%82%D0%BE_%D0%94%D0%B0%D0%BD%D1%86%D0%B8%D0%B3
nFIKbzbisgUAAAFOv.3xBZaZ,https://uk.wikipedia.org/wiki/%D0%A8%D0%B2%D0%B5%D1%86%D1%96%D1%8F
WOUKbzbipfEAAAFO.GTFUKFg,https://uk.wikipedia.org/wiki/%D0%A2%D1%80%D0%B5%D1%82%D1%94_%D0%91%D0%BE%D0%BB%D0%B3%D0%B0%D1%80%D1%81%D1%8C%D0%BA%D0%B5_%D1%86%D0%B0%D1%80%D1%81%D1%82%D0%B2%D0%BE
DYsKbzbikc4AAAFO9mTFUKAT,https://uk.wikipedia.org/wiki/%D0%9A%D0%BD%D1%8F%D0%B7%D1%96%D0%B2%D1%81%D1%82%D0%B2%D0%BE_%D0%91%D0%BE%D0%BB%D0%B3%D0%B0%D1%80%D1%96%D1%8F
0poKbzbi6q4AAAFQVEJwoEA5,https://uk.wikipedia.org/wiki/%D0%9D%D0%B0%D1%80%D0%BE%D0%B4%D0%BD%D0%B0_%D0%A0%D0%B5%D1%81%D0%BF%D1%83%D0%B1%D0%BB%D1%96%D0%BA%D0%B0_%D0%91%D0%BE%D0%BB%D0%B3%D0%B0%D1%80%D1%96%D1%8F
GrMKbzbi__EAAAFMODYfTokW,https://uk.wikipedia.org/wiki/%D0%91%D0%BE%D0%BB%D0%B3%D0%B0%D1%80%D1%96%D1%8F
g8QKbzbiTakAAAFOWWPFUNHL,https://uk.wikipedia.org/wiki/%D0%90%D0%BB%D0%B1%D0%B0%D0%BD%D1%81%D1%8C%D0%BA%D0%B5_%D0%9A%D0%BE%D1%80%D0%BE%D0%BB%D1%96%D0%B2%D1%81%D1%82%D0%B2%D0%BE
0A4KbzbiVIwAAAFMEDcfTold,https://uk.wikipedia.org/wiki/%D0%90%D0%B2%D1%81%D1%82%D1%80%D0%B0%D0%BB%D1%96%D0%B9%D1%81%D1%8C%D0%BA%D0%B8%D0%B9_%D0%A1%D0%BE%D1%8E%D0%B7
d1wKbzbiAcwAAAFO6ILFUK1v,https://uk.wikipedia.org/wiki/%D0%9A%D0%B8%D1%82%D0%B0%D0%B9%D1%81%D1%8C%D0%BA%D0%B0_%D0%9D%D0%B0%D1%80%D0%BE%D0%B4%D0%BD%D0%B0_%D0%A0%D0%B5%D1%81%D0%BF%D1%83%D0%B1%D0%BB%D1%96%D0%BA%D0%B0
6NQKbzbigTEAAAFOhObFUL03,https://uk.wikipedia.org/wiki/%D0%9D%D0%B0%D1%80%D0%BE%D0%B4%D0%BD%D0%B0_%D0%A1%D0%BE%D1%86%D1%96%D0%B0%D0%BB%D1%96%D1%81%D1%82%D0%B8%D1%87%D0%BD%D0%B0_%D0%A0%D0%B5%D1%81%D0%BF%D1%83%D0%B1%D0%BB%D1%96%D0%BA%D0%B0_%D0%90%D0%BB%D0%B1%D0%B0%D0%BD%D1%96%D1%8F
HKoKbzbiQPUAAAFMelUfToYE,https://uk.wikipedia.org/wiki/%D0%90%D0%BB%D0%B1%D0%B0%D0%BD%D1%96%D1%8F
_NFa42mSTpwAAAFvmlxZ9sM5,https://uk.wikipedia.org/wiki/%D0%90%D0%BB%D0%B1%D0%B0%D0%BD%D1%96%D1%8F
VswKbzbinTMAAAFOdm3FULBO,https://uk.wikipedia.org/wiki/%D0%86%D1%81%D0%BF%D0%B0%D0%BD%D1%81%D1%8C%D0%BA%D1%96_%D0%9D%D1%96%D0%B4%D0%B5%D1%80%D0%BB%D0%B0%D0%BD%D0%B4%D0%B8
JM4KbzbifhoAAAFOXDnGN_8r,https://uk.wikipedia.org/wiki/%D0%9B%D1%8E%D0%BA%D1%81%D0%B5%D0%BC%D0%B1%D1%83%D1%80%D0%B3
Tk8KbzbiCkMAAAFMvdMfTpP1,https://uk.wikipedia.org/wiki/%D0%92%D0%B0%D1%82%D0%B8%D0%BA%D0%B0%D0%BD
n3MKbzbi6vEAAAFPB0_biCHw,https://uk.wikipedia.org/wiki/%D0%94%D0%BE%D0%BC%D1%96%D0%BD%D1%96%D0%BA%D0%B0%D0%BD%D1%81%D1%8C%D0%BA%D0%B0_%D0%A0%D0%B5%D1%81%D0%BF%D1%83%D0%B1%D0%BB%D1%96%D0%BA%D0%B0
uVQKbzbicpwAAAFMsjQfToYF,https://uk.wikipedia.org/wiki/%D0%9A%D0%BE%D1%80%D0%BE%D0%BB%D1%96%D0%B2%D1%81%D1%82%D0%B2%D0%BE_%D0%9D%D1%96%D0%B4%D0%B5%D1%80%D0%BB%D0%B0%D0%BD%D0%B4%D0%B8
3sMKbzbikG8AAAFQFFNwoAkO,https://uk.wikipedia.org/wiki/%D0%9D%D1%96%D0%B4%D0%B5%D1%80%D0%BB%D0%B0%D0%BD%D0%B4%D0%B8
ql0KbzbiIlYAAAFPKIZALH66,https://uk.wikipedia.org/wiki/%D0%9A%D0%BE%D1%80%D0%BE%D0%BB%D1%96%D0%B2%D1%81%D1%82%D0%B2%D0%BE_%D0%93%D0%BE%D0%BB%D0%BB%D0%B0%D0%BD%D0%B4%D1%96%D1%8F
9SUKbzbijKgAAAFOZrLFUNJi,https://uk.wikipedia.org/wiki/%D0%A0%D0%B5%D1%81%D0%BF%D1%83%D0%B1%D0%BB%D1%96%D0%BA%D0%B0_%D0%9E%D0%B1%27%D1%94%D0%B4%D0%BD%D0%B0%D0%BD%D0%B8%D1%85_%D0%BF%D1%80%D0%BE%D0%B2%D1%96%D0%BD%D1%86%D1%96%D0%B9
6LoKbzbiSpgAAAFPFlpALHia,https://uk.wikipedia.org/wiki/%D0%91%D0%B0%D1%82%D0%B0%D0%B2%D1%81%D1%8C%D0%BA%D0%B0_%D1%80%D0%B5%D1%81%D0%BF%D1%83%D0%B1%D0%BB%D1%96%D0%BA%D0%B0
G4cKbzbivCEAAAFPtlzbiCKe,https://uk.wikipedia.org/wiki/%D0%90%D0%B2%D1%81%D1%82%D1%80%D1%96%D0%B9%D1%81%D1%8C%D0%BA%D1%96_%D0%9D%D1%96%D0%B4%D0%B5%D1%80%D0%BB%D0%B0%D0%BD%D0%B4%D0%B8
FCQKX9ISmDsAAAFToA0HOOeb,https://uk.wikipedia.org/wiki/%D0%9A%D1%96%D0%BF%D1%80
RygKbzbiWxIAAAFM5TUfToVC,https://uk.wikipedia.org/wiki/%D0%9A%D1%96%D0%BF%D1%80
gHQKbzbiqMgAAAFOJMfGN_8a,https://uk.wikipedia.org/wiki/%D0%84%D0%B3%D0%B8%D0%BF%D0%B5%D1%82%D1%81%D1%8C%D0%BA%D0%B8%D0%B9_%D1%85%D0%B5%D0%B4%D0%B8%D0%B2%D0%B0%D1%82
lRkKbzbi2a4AAAFMe7bx3YBG,https://uk.wikipedia.org/wiki/%D0%9D%D1%96%D0%BC%D0%B5%D1%87%D1%87%D0%B8%D0%BD%D0%B0
skQKbzbikm0AAAFMihUfToqz,https://uk.wikipedia.org/wiki/%D0%9F%D0%BE%D1%80%D1%82%D1%83%D0%B3%D0%B0%D0%BB%D1%96%D1%8F
BYkKbzbiVZUAAAFPUixALHyN,https://uk.wikipedia.org/wiki/%D0%A0%D1%83%D0%BC%D1%83%D0%BD%D1%96%D1%8F
GkkKbzbiyQkAAAFPN.1ALHqK,https://uk.wikipedia.org/wiki/%D0%AF%D0%BF%D0%BE%D0%BD%D1%96%D1%8F
cOMKbzbidDkAAAFP_cTGNwdD,https://uk.wikipedia.org/wiki/%D0%A8%D0%B2%D0%B5%D0%B9%D1%86%D0%B0%D1%80%D1%96%D1%8F
HDAKbzbiDrgAAAFPjhPGNwGE,https://uk.wikipedia.org/wiki/%D0%94%D0%B0%D0%BD%D1%96%D1%8F
3E0KbzbiGggAAAFPrvPGNwIy,https://uk.wikipedia.org/wiki/%D0%9D%D0%BE%D0%B2%D0%B0_%D0%97%D0%B5%D0%BB%D0%B0%D0%BD%D0%B4%D1%96%D1%8F
o.UKbzbir5IAAAFN3V1HEfqP,https://uk.wikipedia.org/wiki/%D0%9D%D0%BE%D1%80%D0%B2%D0%B5%D0%B3%D1%96%D1%8F
E9AKbzbiUI8AAAFPK.cInBzq,https://uk.wikipedia.org/wiki/%D0%93%D0%BE%D0%BD%D0%BA%D0%BE%D0%BD%D0%B3
AmAKbzbiErwAAAFPkLlALJVT,https://uk.wikipedia.org/wiki/%D0%93%D1%80%D0%B5%D1%86%D1%8C%D0%BA%D0%B0_%D0%B4%D0%B5%D1%80%D0%B6%D0%B0%D0%B2%D0%B0_(1941-1944)
EmUKbzbiv3EAAAFPkfXbiC9P,https://uk.wikipedia.org/wiki/%D0%A1%D0%B0%D1%80%D0%B4%D0%B8%D0%BD%D1%81%D1%8C%D0%BA%D0%B5_%D0%BA%D0%BE%D1%80%D0%BE%D0%BB%D1%96%D0%B2%D1%81%D1%82%D0%B2%D0%BE
dN4Kbzbist0AAAFQw7NwoAkX,https://uk.wikipedia.org/wiki/%D0%91%D0%B0%D0%B2%D0%B0%D1%80%D1%96%D1%8F
KSI03inw02sAAAFoj11nUWh0,https://uk.wikipedia.org/wiki/%D0%91%D0%B0%D0%B2%D0%B0%D1%80%D1%96%D1%8F
2wEKbzbin_cAAAFPx5TDv0P4,https://uk.wikipedia.org/wiki/%D0%A4%D1%80%D0%B0%D0%BD%D1%86%D1%83%D0%B7%D1%8C%D0%BA%D0%B5_%D0%9C%D0%B0%D1%80%D0%BE%D0%BA%D0%BA%D0%BE
xskKbzbimlEAAAFPxchALHky,https://uk.wikipedia.org/wiki/%D0%9C%D0%B0%D1%80%D0%BE%D0%BA%D0%BA%D0%BE
xskKbzbimlEAAAFPxchALHky,https://uk.wikipedia.org/wiki/%D0%9C%D0%B0%D1%80%D0%BE%D0%BA%D0%BA%D0%BE
I54Kbzbi5qAAAAFSIrZzG4cO,https://uk.wikipedia.org/wiki/%D0%93%D0%B5%D1%80%D1%86%D0%BE%D0%B3%D1%81%D1%82%D0%B2%D0%BE_%D0%A1%D0%B0%D0%BA%D1%81%D0%B5%D0%BD-%D0%92%D0%B5%D0%B9%D0%BC%D0%B0%D1%80-%D0%95%D0%B9%D0%B7%D0%B5%D0%BD%D0%B0%D1%85%D1%81%D1%8C%D0%BA%D0%B5
yoIKX9ISQN4AAAFVn0Z4nmaI,https://uk.wikipedia.org/wiki/%D0%9A%D0%BE%D1%80%D0%BE%D0%BB%D1%96%D0%B2%D1%81%D1%82%D0%B2%D0%BE_%D0%93%D0%B0%D0%BD%D0%BD%D0%BE%D0%B2%D0%B5%D1%80
n4QKbzbi42QAAAFTdX6sEgPN,https://uk.wikipedia.org/wiki/%D0%93%D0%B0%D0%BD%D0%BD%D0%BE%D0%B2%D0%B5%D1%80
aQAKbzbivHkAAAFSMKtzG6dK,https://uk.wikipedia.org/wiki/%D0%9F%D1%80%D0%BE%D0%B2%D1%96%D0%BD%D1%86%D1%96%D1%8F_%D0%93%D0%B0%D0%BD%D0%BD%D0%BE%D0%B2%D0%B5%D1%80
UAYKbzbiywoAAAFS3MtzG6dF,https://uk.wikipedia.org/wiki/%D0%A1%D0%B0%D0%BA%D1%81%D0%BE%D0%BD%D1%96%D1%8F_(%D0%BA%D1%83%D1%80%D1%84%D1%8E%D1%80%D1%81%D1%82%D0%B2%D0%BE)
dswKX9ISXLEAAAFTDai.JFSh,https://uk.wikipedia.org/wiki/%D0%93%D0%B0%D0%BC%D0%B1%D1%83%D1%80%D0%B3
0MMKbzbiUgAAAAFTviSsEgWT,https://uk.wikipedia.org/wiki/%D0%91%D1%80%D0%B5%D0%BC%D0%B5%D0%BD_(%D0%B7%D0%B5%D0%BC%D0%BB%D1%8F)
4T0KX9IS7_AAAAFVbjx4nmYB,https://uk.wikipedia.org/wiki/%D0%93%D0%B5%D1%80%D1%86%D0%BE%D0%B3%D1%81%D1%82%D0%B2%D0%BE_%D0%9D%D0%B0%D1%81%D1%81%D0%B0%D1%83
