issKbzbizEUAAAFQlqtwoAhn,https://zh.wikipedia.org/wiki/%E5%8D%97%E7%BE%85%E5%BE%B7%E8%A5%BF%E4%BA%9E
RmAKbzbiFQYAAAFQUdRwoBjq,https://zh.wikipedia.org/wiki/%E5%90%89%E5%B0%94%E5%90%89%E6%96%AF%E6%96%AF%E5%9D%A6
mX0KbzbikVMAAAFPVyEInAvJ,https://zh.wikipedia.org/wiki/%E9%98%BF%E5%B0%94%E5%B7%B4%E5%B0%BC%E4%BA%9A
KjQKbzbiW9QAAAFQCihwoBWa,https://zh.wikipedia.org/wiki/%E5%85%8B%E9%87%8C%E7%B1%B3%E4%BA%9E%E6%B1%97%E5%9C%8B
mhcKX9IS3YsAAAFcm1rAsmQY,https://zh.wikipedia.org/wiki/%E5%88%A9%E7%8F%80%E8%A6%AA%E7%8E%8B%E5%9C%8B
6Cv3_IKyQgoAAAFtVhW3dRx2,https://zh.wikipedia.org/wiki/%E6%BE%B3%E5%A4%A7%E5%88%A9%E4%BA%9A
881hchwXyp0AAAGF5xUUMZsr,https://zh.wikipedia.org/wiki/%E6%BE%B3%E5%A4%A7%E5%88%A9%E4%BA%9A
Be_3_IKyl1AAAAFtG3S3dRy5,https://zh.wikipedia.org/wiki/%E6%BE%B3%E5%A4%A7%E5%88%A9%E4%BA%9A
GOYKbzbih_UAAAFPHSxwoLey,https://zh.wikipedia.org/wiki/%E6%BE%B3%E5%A4%A7%E5%88%A9%E4%BA%9A
ItJa42mSwtcAAAFv7ddZ9sS4,https://zh.wikipedia.org/wiki/%E6%BE%B3%E5%A4%A7%E5%88%A9%E4%BA%9A
lBBa42mSeIUAAAFvI4VZ9sT3,https://zh.wikipedia.org/wiki/%E6%BE%B3%E5%A4%A7%E5%88%A9%E4%BA%9A
V973_IKyOw4AAAFt9HG3dRzN,https://zh.wikipedia.org/wiki/%E6%BE%B3%E5%A4%A7%E5%88%A9%E4%BA%9A
V20KbzbioLoAAAFQGy1woGYc,https://zh.wikipedia.org/wiki/%E8%91%A1%E8%90%84%E7%89%99%E7%8E%8B%E5%9C%8B
e2oKbzbiSBAAAAFQLcNwoBm0,https://zh.wikipedia.org/wiki/%E8%90%8A%E8%8C%B5%E9%82%A6%E8%81%AF
2TcKbzbiIHMAAAFQjeNwoBlC,https://zh.wikipedia.org/wiki/%E8%B5%9E%E6%AF%94%E4%BA%9A
0WMKbzbiJioAAAFQBSpwoBxd,https://zh.wikipedia.org/wiki/%E8%8D%B7%E8%98%AD%E5%85%B1%E5%92%8C%E5%9C%8B
sUwKbzbijyUAAAFQBZNwoBRW,https://zh.wikipedia.org/wiki/%E6%B3%95%E5%85%B0%E8%A5%BF%E7%AC%AC%E5%9B%9B%E5%85%B1%E5%92%8C%E5%9B%BD
KpoKbzbiLOkAAAFPPidwoMzH,https://zh.wikipedia.org/wiki/%E5%B8%8C%E8%87%98%E7%8E%8B%E5%9C%8B
4zIKbzbiBkMAAAFP53hwoKoj,https://zh.wikipedia.org/wiki/%E4%BD%9B%E5%BE%97%E8%A7%92
sWoKbzbinDoAAAFPcq3biDYn,https://zh.wikipedia.org/wiki/%E4%B8%AD%E5%8D%8E%E4%BA%BA%E6%B0%91%E5%85%B1%E5%92%8C%E5%9B%BD
SLAKbzbiwRIAAAFQgIZwoB.9,https://zh.wikipedia.org/wiki/%E5%A5%A5%E5%9C%B0%E5%88%A9%E7%AC%AC%E4%B8%80%E5%85%B1%E5%92%8C%E5%9B%BD
5ufD99ilu.EAAAGHWg4GdgC.,https://zh.wikipedia.org/wiki/%E8%8B%B1%E5%9C%8B%E6%B5%B7%E5%A4%96%E9%A0%98%E5%9C%9F
C00KbzbiqRIAAAFQH1QZILlV,https://zh.wikipedia.org/wiki/%E8%8B%B1%E5%9C%8B%E6%B5%B7%E5%A4%96%E9%A0%98%E5%9C%9F
4esKbzbiUfkAAAFQXtZwoBol,https://zh.wikipedia.org/wiki/%E8%B3%BD%E6%99%AE%E5%8B%92%E6%96%AF
.p4KbzbivssAAAFPcUrbiDsb,https://zh.wikipedia.org/wiki/%E8%8F%B2%E5%BE%8B%E5%AE%BE
IGoKbzbip4sAAAFQqihwoBzY,https://zh.wikipedia.org/wiki/%E4%B8%9C%E9%9D%9E%E4%BF%9D%E6%8A%A4%E5%9B%BD
gRmAzzaZCF8AAAGEbKZdJcKN,https://zh.wikipedia.org/wiki/%E6%9F%A5%E8%B0%9F-%E5%85%8B%E4%BB%80%E7%B1%B3%E5%B0%94%E9%82%A6
itkKbzbizCoAAAFPSXYInAvL,https://zh.wikipedia.org/wiki/%E6%9F%A5%E8%B0%9F-%E5%85%8B%E4%BB%80%E7%B1%B3%E5%B0%94%E9%82%A6
GEQKbzbiD0IAAAFQXENwoBs1,https://zh.wikipedia.org/wiki/%E5%9F%BA%E8%BE%85%E7%BD%97%E6%96%AF
EUIKbzbiPeAAAAFQQT9woBXF,https://zh.wikipedia.org/wiki/%E5%A2%A8%E8%A5%BF%E5%93%A5%E7%AC%AC%E4%B8%80%E5%B8%9D%E5%9C%8B
ANIKbzbiMeIAAAFQ0YpwoCWI,https://zh.wikipedia.org/wiki/%E5%B7%B4%E7%99%BB%E5%A4%A7%E5%85%AC%E5%9C%8B
t.4KbzbiKs4AAAFQ9IpwoBrB,https://zh.wikipedia.org/wiki/%E5%B7%B4%E6%8B%BF%E9%A9%AC
rC8Kbzbi3uoAAAFPULwInBT.,https://zh.wikipedia.org/wiki/%E7%AB%8B%E9%99%B6%E5%AE%9B%E5%A4%A7%E5%85%AC%E5%9B%BD
4zIKbzbiBkMAAAFP53hwoKoj,https://zh.wikipedia.org/wiki/%E4%BD%9B%E5%BE%97%E8%A7%92
vWAKbzbieDgAAAFQUndwoGZy,https://zh.wikipedia.org/wiki/%E8%91%A1%E5%B1%AC%E8%A5%BF%E9%9D%9E
DWcKbzbihd8AAAFQ8UlwoB_P,https://zh.wikipedia.org/wiki/%E6%B1%9F%E6%88%B7%E5%B9%95%E5%BA%9C
5FwKbzbivRMAAAFQTUdwoBY7,https://zh.wikipedia.org/wiki/%E6%B0%91%E4%B8%BB%E6%9F%AC%E5%9F%94%E5%AF%A8
704KbzbiRkoAAAFPnyTkbGpp,https://zh.wikipedia.org/wiki/%E6%9B%BC%E5%B3%B6
2VYKbzbi6SMAAAFQ4ChwoB_w,https://zh.wikipedia.org/wiki/%E9%9D%9E%E6%B4%B2%E8%81%94%E7%9B%9F
0uYKbzbi_zgAAAFPRyTkbHHq,https://zh.wikipedia.org/wiki/%E8%8A%AC%E5%85%B0%E5%A4%A7%E5%85%AC%E5%9B%BD
OXMKbzbioncAAAFPjWRwoLey,https://zh.wikipedia.org/wiki/%E5%A4%A7%E8%8B%B1%E5%B8%9D%E5%9B%BD
SLoKbzbikVsAAAFPvGLbiDU6,https://zh.wikipedia.org/wiki/%E5%8D%97%E6%96%AF%E6%8B%89%E5%A4%AB%E7%8E%8B%E5%9C%8B
G3EKbzbiBbwAAAFQ67VwoHCg,https://zh.wikipedia.org/wiki/%E5%B8%8C%E8%87%98%E7%AC%AC%E4%BA%8C%E5%85%B1%E5%92%8C%E5%9C%8B
.hEKbzbi1wQAAAFQPnhwoHAR,https://zh.wikipedia.org/wiki/%E8%91%A1%E5%B1%AC%E5%B9%BE%E5%85%A7%E4%BA%9E
ws8Kbzbi4RMAAAFPsPZwoKpl,https://zh.wikipedia.org/wiki/%E5%A8%81%E5%B0%BC%E6%96%AF%E5%85%B1%E5%92%8C%E5%9B%BD
IBkKbzbijg4AAAFPHUXGNwnA,https://zh.wikipedia.org/wiki/%E4%B9%8C%E5%85%8B%E5%85%B0
0ngKbzbiYtMAAAFQhapwoB1p,https://zh.wikipedia.org/wiki/%E6%9F%AC%E5%9F%94%E5%AF%A8%E7%8E%8B%E5%9B%BD_(1953%E5%B9%B4%EF%BC%8D1970%E5%B9%B4)
B5YKbzbi1D0AAAFQ531woCPN,https://zh.wikipedia.org/wiki/%E5%A5%A5%E6%A0%BC%E6%96%AF%E5%A0%A1
flkKbzbiU7YAAAFQ54dwoBxJ,https://zh.wikipedia.org/wiki/%E6%B3%95%E5%B1%AC%E5%9C%AD%E4%BA%9E%E9%82%A3
N60Kbzbiy94AAAFQUOVwoBs_,https://zh.wikipedia.org/wiki/%E6%B3%A2%E8%98%AD%E7%8E%8B%E5%9C%8B_(1385%E5%B9%B4-1569%E5%B9%B4)
8_8KbzbiyYgAAAFRTZ01_KEZ,https://zh.wikipedia.org/wiki/%E4%BF%9D%E5%8A%A0%E5%88%A9%E4%BA%9E%E7%8E%8B%E5%9C%8B
kCIKbzbi3I0AAAFQrCJwoBdx,https://zh.wikipedia.org/wiki/%E9%A6%AC%E4%BE%86%E8%81%AF%E9%82%A6
yR8KbzbiE1wAAAFQFhVwoCAJ,https://zh.wikipedia.org/wiki/%E9%98%BF%E5%B0%94%E5%B7%B4%E5%B0%BC%E4%BA%9A%E7%8E%8B%E5%9B%BD_(1939%E5%B9%B4%EF%BC%8D1943%E5%B9%B4)
JJsKbzbiqUAAAAFPHzxwoLE_,https://zh.wikipedia.org/wiki/%E8%A5%BF%E7%8F%AD%E7%89%99
UIsKbzbip6MAAAFQFbFwoBfI,https://zh.wikipedia.org/wiki/%E5%A2%A8%E8%A5%BF%E5%93%A5
9isKbzbi_F8AAAFQEUNwoBRS,https://zh.wikipedia.org/wiki/%E7%AB%8B%E9%99%B6%E5%AE%9B
tnsKbzbiDfwAAAFP8A9woOAM,https://zh.wikipedia.org/wiki/%E5%A1%9E%E5%B0%94%E7%BB%B4%E4%BA%9A
xqYKbzbidOcAAAFPLjIInAtx,https://zh.wikipedia.org/wiki/%E4%B8%AD%E9%9D%9E%E5%85%B1%E5%92%8C%E5%9C%8B
SBYKbzbigrcAAAFQKYNwoBaX,https://zh.wikipedia.org/wiki/%E6%8B%89%E6%99%AE%E6%8B%89%E5%A1%94%E6%80%BB%E7%9D%A3%E8%BE%96%E5%8C%BA
hEYKbzbi__kAAAFPrCTbiDu5,https://zh.wikipedia.org/wiki/%E7%99%BD%E4%BF%84%E7%BD%97%E6%96%AF
0OcKX9IS51AAAAFVeE9C6Fhd,https://zh.wikipedia.org/wiki/%E5%A2%A8%E8%A5%BF%E5%93%A5%E5%90%88%E7%9C%BE%E5%9C%8B_(1824%E2%80%931864)
q3sKbzbi9rEAAAFPK1ZwoMzn,https://zh.wikipedia.org/wiki/%E9%98%BF%E5%AF%8C%E6%B1%97%E9%85%8B%E9%95%BF%E5%9B%BD
l5cKbzbiSSsAAAFQSMNwoBpn,https://zh.wikipedia.org/wiki/%E5%90%89%E5%85%B0%E4%B8%B9
JdMKbzbiWMkAAAFPQAjkbF_n,https://zh.wikipedia.org/wiki/%E5%B8%8C%E8%85%8A
KkUKbzbimHgAAAFQV.5woBZe,https://zh.wikipedia.org/wiki/%E4%B8%AD%E4%B8%96%E7%BA%AA%E7%9A%84%E6%B3%95%E5%9B%BD
tAQKbzbiZhEAAAFPYvhwoMyy,https://zh.wikipedia.org/wiki/%E8%8A%AC%E5%85%B0
mAMKbzbihXEAAAFS0GdzG7a4,https://zh.wikipedia.org/wiki/%E5%9F%83%E5%8F%8A_(%E7%BE%85%E9%A6%AC%E8%A1%8C%E7%9C%81)
ZNYKbzbiNhIAAAFQjjhwoBP5,https://zh.wikipedia.org/wiki/%E6%91%A9%E5%B0%94%E5%A4%9A%E7%93%A6
l6wKbzbi_.4AAAFRYK01_GZo,https://zh.wikipedia.org/wiki/%E8%A5%BF%E5%B1%AC%E5%B0%BC%E5%BE%B7%E8%98%AD
UVgKbzbigsIAAAFQszZwoGwd,https://zh.wikipedia.org/wiki/%E7%BB%B4%E5%B0%94%E4%BA%AC%E7%BE%A4%E5%B2%9B
Ub0KbzbiWC4AAAFQz09woBlu,https://zh.wikipedia.org/wiki/%E9%A6%AC%E5%85%B6%E9%A0%93%E7%8E%8B%E5%9C%8B
U4oKbzbipgcAAAFRK8B4guE0,https://zh.wikipedia.org/wiki/%E7%A7%91%E7%89%B9%E8%BF%AA%E7%93%A6
s3QKbzbiXf8AAAFPpoBwoLex,https://zh.wikipedia.org/wiki/%E6%84%8F%E5%A4%A7%E5%88%A9
YPQKbzbi1vsAAAFP5HZwoN6P,https://zh.wikipedia.org/wiki/%E5%B7%B4%E5%B7%B4%E5%A4%9A%E6%96%AF
yqAKbzbicAEAAAFPpsVwoKgB,https://zh.wikipedia.org/wiki/%E5%90%8C%E7%9B%9F%E5%9C%8B%E8%BB%8D%E4%BA%8B%E4%BD%94%E9%A0%98%E5%A5%A7%E5%9C%B0%E5%88%A9
UJkKbzbidkcAAAFRvd41_MGU,https://zh.wikipedia.org/wiki/%E6%96%87%E8%8E%B1
N8AKbzbiCWAAAAFR3Kp4gvkN,https://zh.wikipedia.org/wiki/%E6%9C%9D%E9%B2%9C_(%E7%A7%B0%E8%B0%93)
ghcKbzbi7zQAAAFQZBtwoBsA,https://zh.wikipedia.org/wiki/%E4%B9%8C%E5%85%B9%E5%88%AB%E5%85%8B%E6%96%AF%E5%9D%A6
iA8KX9IS05MAAAFXa8OXe2zN,https://zh.wikipedia.org/wiki/%E8%8D%B7%E5%85%B0%E7%8E%8B%E5%9B%BD_(%E5%82%80%E5%84%A1%E5%9B%BD)
kAUKbzbigocAAAFPNvwInAue,https://zh.wikipedia.org/wiki/%E5%B7%B4%E6%8B%89%E5%9C%AD
nv0KbzbiCN0AAAFQXRBwoBzE,https://zh.wikipedia.org/wiki/%E9%98%BF%E5%B0%94%E5%B7%B4%E5%B0%BC%E4%BA%9A%E5%85%B1%E5%92%8C%E5%9B%BD_(1925%EF%BC%8D1928)
KiwKbzbiAh0AAAFQ8mBwoBzR,https://zh.wikipedia.org/wiki/%E6%B3%A2%E5%85%B0%E7%AC%AC%E4%BA%8C%E5%85%B1%E5%92%8C%E5%9B%BD
HRQKbzbiTNwAAAFQ21RwoB5k,https://zh.wikipedia.org/wiki/%E8%80%B6%E8%B7%AF%E6%92%92%E5%86%B7%E7%8E%8B%E5%9C%8B
X3gKbzbinpkAAAFQEcdwoBy_,https://zh.wikipedia.org/wiki/%E9%98%BF%E5%B0%94%E5%B7%B4%E5%B0%BC%E4%BA%9A%E7%A4%BE%E4%BC%9A%E4%B8%BB%E4%B9%89%E4%BA%BA%E6%B0%91%E5%85%B1%E5%92%8C%E5%9B%BD
FXoKbzbiaMwAAAFQ9BNwoBsO,https://zh.wikipedia.org/wiki/%E4%B8%8D%E5%88%97%E9%A2%A0%E4%B8%9C%E5%8D%B0%E5%BA%A6%E5%85%AC%E5%8F%B8
Zm0Kbzbi7roAAAFPVxJwoNv6,https://zh.wikipedia.org/wiki/%E9%98%BF%E6%A3%AE%E6%9D%BE%E5%B2%9B
mX0KbzbikVMAAAFPVyEInAvJ,https://zh.wikipedia.org/wiki/%E9%98%BF%E5%B0%94%E5%B7%B4%E5%B0%BC%E4%BA%9A
GicKbzbia2MAAAFQjMlwoGkz,https://zh.wikipedia.org/wiki/%E5%93%A5%E5%80%AB%E6%AF%94%E4%BA%9E%E5%90%88%E7%9C%BE%E5%9C%8B
HzsKbzbiCf4AAAFQik9woBkY,https://zh.wikipedia.org/wiki/%E6%B3%95%E5%85%B0%E8%A5%BF%E7%AC%AC%E4%B8%80%E5%85%B1%E5%92%8C%E5%9B%BD
sZgKbzbik4sAAAFP8FlwoPLd,https://zh.wikipedia.org/wiki/%E5%8C%88%E7%89%99%E5%88%A9
u.kKbzbi1sQAAAFPLDhwoNwB,https://zh.wikipedia.org/wiki/%E5%8D%97%E4%B9%94%E6%B2%BB%E4%BA%9A%E5%92%8C%E5%8D%97%E6%A1%91%E5%A8%81%E5%A5%87%E7%BE%A4%E5%B2%9B
bWEKbzbirYoAAAFQdx1woBu_,https://zh.wikipedia.org/wiki/%E5%8D%B0%E5%BA%A6
9VcKbzbizTUAAAFQBz9woBoZ,https://zh.wikipedia.org/wiki/%E6%89%98%E5%8B%92%E5%AF%86%E7%8E%8B%E5%9C%8B
2gUKbzbiRmAAAAFPPGtwoLOL,https://zh.wikipedia.org/wiki/%E8%91%A1%E8%90%84%E7%89%99%E5%B8%9D%E5%9C%8B
w_n3_IKyfXwAAAFtDoK3dRzK,https://zh.wikipedia.org/wiki/%E8%91%A1%E8%90%84%E7%89%99%E5%B8%9D%E5%9C%8B
1EkKqUpY88kAAAFjuFQbD60i,https://zh.wikipedia.org/wiki/%E6%B3%A2%E6%96%AF%E5%B0%BC%E4%BA%9A%E5%92%8C%E9%BB%91%E5%A1%9E%E5%93%A5%E7%BB%B4%E9%82%A3
738KbzbiRrwAAAFQNEZwoHBe,https://zh.wikipedia.org/wiki/%E7%BE%85%E5%BE%B7%E8%A5%BF%E4%BA%9E
ZGoKbzbii50AAAFPofAInAue,https://zh.wikipedia.org/wiki/%E5%87%A0%E5%86%85%E4%BA%9A
gdYKbzbim4EAAAFRfuc1_LIN,https://zh.wikipedia.org/wiki/%E5%8D%B1%E5%9C%B0%E9%A9%AC%E6%8B%89
QpcKbzbixqQAAAFQGTpwoF8g,https://zh.wikipedia.org/wiki/%E5%89%9B%E6%9E%9C%E8%87%AA%E7%94%B1%E9%82%A6
6VYKbzbi4lgAAAFPeXwInAuN,https://zh.wikipedia.org/wiki/%E7%89%99%E4%B9%B0%E5%8A%A0
UIsKbzbip6MAAAFQFbFwoBfI,https://zh.wikipedia.org/wiki/%E5%A2%A8%E8%A5%BF%E5%93%A5
tnsKbzbiDfwAAAFP8A9woOAM,https://zh.wikipedia.org/wiki/%E5%A1%9E%E5%B0%94%E7%BB%B4%E4%BA%9A
rN0KbzbiQKAAAAFO6UbGN_sj,https://zh.wikipedia.org/wiki/%E5%B7%B4%E4%BC%90%E5%88%A9%E4%BA%9E%E7%8E%8B%E5%9C%8B
WMMKbzbio84AAAFQGsxwoB5_,https://zh.wikipedia.org/wiki/%E7%89%B9%E6%8B%89%E5%87%A1%E5%93%A5%E5%B0%94
2OIKbzbiWsUAAAFQ0xFwoCAu,https://zh.wikipedia.org/wiki/%E4%BF%84%E7%BD%97%E6%96%AF%E6%B2%99%E7%9A%87%E5%9B%BD
.ocKbzbif28AAAFPe3VALJRZ,https://zh.wikipedia.org/wiki/%E4%BA%9E%E7%BE%8E%E5%B0%BC%E4%BA%9E
kG0KbzbiSyAAAAFQ09FwoBRX,https://zh.wikipedia.org/wiki/%E9%98%BF%E5%B8%83%E5%93%88%E8%8C%B2
d5YKbzbiRHsAAAFQPEVwoBq4,https://zh.wikipedia.org/wiki/%E5%88%9A%E6%9E%9C%E6%B0%91%E4%B8%BB%E5%85%B1%E5%92%8C%E5%9B%BD
CicKbzbikQwAAAFQAVZwoGp2,https://zh.wikipedia.org/wiki/%E8%8B%B1%E6%A0%BC%E5%85%B0%E8%81%94%E9%82%A6
O5UKbzbiMxwAAAFPq5cInAuE,https://zh.wikipedia.org/wiki/%E4%BC%AF%E5%88%A9%E5%85%B9
3a0Kbzbi11wAAAFR7Qh4guAm,https://zh.wikipedia.org/wiki/%E8%92%B2%E9%9A%86%E5%9C%B0
6Cv3_IKyQgoAAAFtVhW3dRx2,https://zh.wikipedia.org/wiki/%E6%BE%B3%E5%A4%A7%E5%88%A9%E4%BA%9A
881hchwXyp0AAAGF5xUUMZsr,https://zh.wikipedia.org/wiki/%E6%BE%B3%E5%A4%A7%E5%88%A9%E4%BA%9A
Be_3_IKyl1AAAAFtG3S3dRy5,https://zh.wikipedia.org/wiki/%E6%BE%B3%E5%A4%A7%E5%88%A9%E4%BA%9A
GOYKbzbih_UAAAFPHSxwoLey,https://zh.wikipedia.org/wiki/%E6%BE%B3%E5%A4%A7%E5%88%A9%E4%BA%9A
ItJa42mSwtcAAAFv7ddZ9sS4,https://zh.wikipedia.org/wiki/%E6%BE%B3%E5%A4%A7%E5%88%A9%E4%BA%9A
lBBa42mSeIUAAAFvI4VZ9sT3,https://zh.wikipedia.org/wiki/%E6%BE%B3%E5%A4%A7%E5%88%A9%E4%BA%9A
V973_IKyOw4AAAFt9HG3dRzN,https://zh.wikipedia.org/wiki/%E6%BE%B3%E5%A4%A7%E5%88%A9%E4%BA%9A
3k8Kbzbi1uoAAAFQsSpwoHCa,https://zh.wikipedia.org/wiki/%E5%8D%9A%E6%96%AF%E6%99%AE%E9%B2%81%E6%96%AF%E7%8E%8B%E5%9B%BD
QkwKbzbinFwAAAFQJulwoB4H,https://zh.wikipedia.org/wiki/%E9%98%BF%E5%AF%8C%E6%B1%97
Ju8Kbzbi0wAAAAFP_GAInAu5,https://zh.wikipedia.org/wiki/%E8%B4%9D%E5%AE%81
bcsKbzbisvwAAAFPHeoInBR8,https://zh.wikipedia.org/wiki/%E5%90%8C%E7%9B%9F%E5%9C%8B%E8%BB%8D%E4%BA%8B%E4%BD%94%E9%A0%98%E5%BE%B7%E5%9C%8B
vBcKbzbirs0AAAFS98h4gi49,https://zh.wikipedia.org/wiki/%E5%AE%89%E6%81%AF%E5%B8%9D%E5%9C%8B
z0kKbzbiv1YAAAFPeCzkbHE.,https://zh.wikipedia.org/wiki/%E5%8C%88%E7%89%99%E5%88%A9%E4%BA%BA%E6%B0%91%E5%85%B1%E5%92%8C%E5%9B%BD
.0wKbzbifqoAAAFQrbNwoBfD,https://zh.wikipedia.org/wiki/%E6%B3%95%E5%85%B0%E8%A5%BF%E7%AC%AC%E4%B8%89%E5%85%B1%E5%92%8C%E5%9B%BD
magKbzbiEUcAAAFQwnxwoHDg,https://zh.wikipedia.org/wiki/%E6%96%BD%E7%93%A6%E8%8C%A8%E5%A0%A1-%E6%9D%BE%E5%BE%B7%E7%88%BE%E6%96%AF%E8%B1%AA%E6%A3%AE
bgUKbzbiW9wAAAFSeVl4gi1P,https://zh.wikipedia.org/wiki/%E5%A4%A7%E9%9F%93%E5%B8%9D%E5%9C%8B
qCYKbzbiW9IAAAFPFk9woLey,https://zh.wikipedia.org/wiki/%E6%B3%A2%E5%85%B0
wWgKbzbi8fUAAAFPFcfkbHYb,https://zh.wikipedia.org/wiki/%E5%B7%B4%E6%9E%97
wkcKbzbifkYAAAFP35BwoNHy,https://zh.wikipedia.org/wiki/%E6%AF%94%E5%B1%AC%E5%89%9B%E6%9E%9C
vbEKX9ISgdEAAAFThYy.JE3f,https://zh.wikipedia.org/wiki/%E5%A1%9E%E7%88%BE%E7%B6%AD%E4%BA%9E%E8%88%87%E8%92%99%E7%89%B9%E5%85%A7%E5%93%A5%E7%BE%85
3oYKbzbiHJwAAAFQXt1woB5X,https://zh.wikipedia.org/wiki/%E5%93%A5%E4%BC%A6%E6%AF%94%E4%BA%9A
PacKbzbiEsYAAAFQ9XZwoBzT,https://zh.wikipedia.org/wiki/%E5%B9%BE%E5%85%A7%E4%BA%9E%E6%AF%94%E7%B4%A2
fUYKbzbiviQAAAFQXPpwoB6c,https://zh.wikipedia.org/wiki/%E9%98%BF%E5%B0%94%E7%89%B9%E7%BA%B3
udEKX9ISqnIAAAFWHHrgt7vu,https://zh.wikipedia.org/wiki/%E9%98%BF%E5%AF%8C%E6%B1%97%E4%BC%8A%E6%96%AF%E8%98%AD%E9%85%8B%E9%95%B7%E5%9C%8B
o3wKbzbi10EAAAFQaURwoBdl,https://zh.wikipedia.org/wiki/%E6%99%BA%E5%88%A9
9YEKbzbihSAAAAFQUY9woBbn,https://zh.wikipedia.org/wiki/%E5%8C%88%E7%89%99%E5%88%A9%E7%8E%8B%E5%9B%BD
nHIKbzbitlIAAAFQBGpwoBWR,https://zh.wikipedia.org/wiki/%E8%8D%B7%E5%B1%AC%E6%9D%B1%E5%8D%B0%E5%BA%A6
3oYKbzbiHJwAAAFQXt1woB5X,https://zh.wikipedia.org/wiki/%E5%93%A5%E4%BC%A6%E6%AF%94%E4%BA%9A
cxoKbzbiTuIAAAFQj4dwoBmL,https://zh.wikipedia.org/wiki/%E6%8C%AA%E5%A8%81
OckKbzbisv8AAAFQub1woBPv,https://zh.wikipedia.org/wiki/%E7%99%BE%E6%85%95%E5%A4%A7
bPQKbzbigkIAAAFPn4jkbHDj,https://zh.wikipedia.org/wiki/%E5%9C%9F%E5%BA%93%E6%9B%BC%E6%96%AF%E5%9D%A6
9isKbzbi_F8AAAFQEUNwoBRS,https://zh.wikipedia.org/wiki/%E7%AB%8B%E9%99%B6%E5%AE%9B
gboKX9IS3MIAAAFdSbwvflcT,https://zh.wikipedia.org/wiki/%E7%A7%91%E9%9A%86%E7%BE%A4%E5%B2%9B
DasKbzbimuoAAAFQQZxwoB78,https://zh.wikipedia.org/wiki/%E6%B3%95%E8%98%AD%E8%A5%BF%E7%AC%AC%E4%BA%8C%E5%85%B1%E5%92%8C%E5%9C%8B
gdYKbzbim4EAAAFRfuc1_LIN,https://zh.wikipedia.org/wiki/%E5%8D%B1%E5%9C%B0%E9%A9%AC%E6%8B%89
aKoKbzbivHcAAAFQ9_pwoBcU,https://zh.wikipedia.org/wiki/%E4%BC%8A%E6%9C%97
TI4KbzbiEOcAAAFSXfB4gkIy,https://zh.wikipedia.org/wiki/%E4%BF%9D%E5%8A%A0%E5%88%A9%E4%BA%9A%E5%A4%A7%E5%85%AC%E5%9B%BD
yqUKX9ISUGYAAAFTPDm.JE3f,https://zh.wikipedia.org/wiki/%E5%B8%95%E6%8F%90%E4%BA%9A
uXgKbzbiubsAAAFQPCVwoGqs,https://zh.wikipedia.org/wiki/%E5%AE%89%E5%93%88%E5%B0%94%E7%89%B9%E5%85%AC%E5%9B%BD
bYkKbzbiBkQAAAFQC2BwoB5d,https://zh.wikipedia.org/wiki/%E9%9C%B9%E9%9D%82%E5%B7%9E
Ch8KbzbiqUkAAAFQs1FwoBoo,https://zh.wikipedia.org/wiki/%E6%B5%B7%E5%B3%A1%E6%AE%96%E6%B0%91%E5%9C%B0
NIcKbzbiko8AAAFQK49woBuC,https://zh.wikipedia.org/wiki/%E6%B3%A2%E5%B8%8C%E7%B1%B3%E4%BA%9A
YtAKbzbiur4AAAFQX8VwoBV1,https://zh.wikipedia.org/wiki/%E5%9C%A3%E5%A4%9A%E7%BE%8E%E5%92%8C%E6%99%AE%E6%9E%97%E8%A5%BF%E6%AF%94
we0KbzbipZgAAAFQgqNwoBcY,https://zh.wikipedia.org/wiki/%E9%A6%AC%E6%9C%A8%E7%95%99%E5%85%8B%E7%8E%8B%E6%9C%9D
.X4KbzbiYL0AAAFQ549woBSZ,https://zh.wikipedia.org/wiki/%E8%BE%9B%E5%B7%B4%E5%A8%81
tAQKbzbiZhEAAAFPYvhwoMyy,https://zh.wikipedia.org/wiki/%E8%8A%AC%E5%85%B0
Fh4KbzbiZucAAAFS9hB4gkcj,https://zh.wikipedia.org/wiki/%E7%91%9E%E5%85%B8%EF%BC%8D%E6%8C%AA%E5%A8%81%E8%81%94%E7%9B%9F
2ogKbzbipvAAAAFQiopwoBf4,https://zh.wikipedia.org/wiki/%E6%B3%95%E8%98%AD%E8%A5%BF%E7%AC%AC%E4%BA%8C%E5%B8%9D%E5%9C%8B
AeYKbzbiopQAAAFQXlNwoHGy,https://zh.wikipedia.org/wiki/%E6%A1%91%E5%BE%B7%E7%8E%8B%E6%9C%9D
tAQKbzbiZhEAAAFPYvhwoMyy,https://zh.wikipedia.org/wiki/%E8%8A%AC%E5%85%B0
6m4KbzbiM4YAAAFQ4OFwoGOv,https://zh.wikipedia.org/wiki/%E5%8C%97%E5%A9%86%E7%BE%85%E6%B4%B2
5xgKbzbiAV4AAAFQfS5woBWv,https://zh.wikipedia.org/wiki/%E4%BF%9D%E5%8A%A0%E5%88%A9%E4%BA%9A
RbcKbzbiTSEAAAFQfcNwoBPi,https://zh.wikipedia.org/wiki/%E9%A9%AC%E5%B0%94%E4%BB%A3%E5%A4%AB
hPEKbzbiQVcAAAFPs3nkbHFf,https://zh.wikipedia.org/wiki/%E5%9F%83%E5%8F%8A
.XUKbzbieSwAAAFQUz5woBUt,https://zh.wikipedia.org/wiki/%E5%8D%83%E9%87%8C%E9%81%94%E5%8F%8A%E6%89%98%E5%B7%B4%E5%93%A5
6Cv3_IKyQgoAAAFtVhW3dRx2,https://zh.wikipedia.org/wiki/%E6%BE%B3%E5%A4%A7%E5%88%A9%E4%BA%9A
881hchwXyp0AAAGF5xUUMZsr,https://zh.wikipedia.org/wiki/%E6%BE%B3%E5%A4%A7%E5%88%A9%E4%BA%9A
Be_3_IKyl1AAAAFtG3S3dRy5,https://zh.wikipedia.org/wiki/%E6%BE%B3%E5%A4%A7%E5%88%A9%E4%BA%9A
GOYKbzbih_UAAAFPHSxwoLey,https://zh.wikipedia.org/wiki/%E6%BE%B3%E5%A4%A7%E5%88%A9%E4%BA%9A
ItJa42mSwtcAAAFv7ddZ9sS4,https://zh.wikipedia.org/wiki/%E6%BE%B3%E5%A4%A7%E5%88%A9%E4%BA%9A
lBBa42mSeIUAAAFvI4VZ9sT3,https://zh.wikipedia.org/wiki/%E6%BE%B3%E5%A4%A7%E5%88%A9%E4%BA%9A
V973_IKyOw4AAAFt9HG3dRzN,https://zh.wikipedia.org/wiki/%E6%BE%B3%E5%A4%A7%E5%88%A9%E4%BA%9A
aLo781tUaZkAAAFt83K1tN_O,https://zh.wikipedia.org/wiki/%E7%8E%BB%E5%88%A9%E7%B6%AD%E4%BA%9E
LDMKbzbi4kAAAAFQpltwoBss,https://zh.wikipedia.org/wiki/%E7%8E%BB%E5%88%A9%E7%B6%AD%E4%BA%9E
ugsKbzbiwkEAAAFQJH1woBmG,https://zh.wikipedia.org/wiki/%E7%89%B9%E9%87%8C%E6%96%AF%E5%9D%A6-%E8%BE%BE%E5%BA%93%E5%B0%BC%E4%BA%9A
9ygKbzbijO4AAAFP2ZsInAoj,https://zh.wikipedia.org/wiki/%E9%98%BF%E6%A0%B9%E5%BB%B7
wZ8KbzbieLIAAAFT7lusEhZO,https://zh.wikipedia.org/wiki/%E5%AE%89%E5%85%8B%E6%8B%89%E5%A7%86
BwEKbzbiv0wAAAFQVyJwoHBs,https://zh.wikipedia.org/wiki/%E8%96%A9%E4%BC%8A
09wKbzbiSc4AAAFOSMnGN_sO,https://zh.wikipedia.org/wiki/%E4%BF%84%E7%BD%97%E6%96%AF
jzcKbzbiaEMAAAFQNxVwoBfM,https://zh.wikipedia.org/wiki/%E7%88%B1%E6%B2%99%E5%B0%BC%E4%BA%9A
xFAKbzbiSRcAAAFPK_JwoKmp,https://zh.wikipedia.org/wiki/%E5%A1%94%E5%90%89%E5%85%8B%E6%96%AF%E5%9D%A6
WyIKX9ISuKEAAAFdLrZ1bsWY,https://zh.wikipedia.org/wiki/%E4%BD%9B%E5%85%B0%E5%BE%B7%E4%BC%AF%E5%9B%BD
Lv4KbzbiYR4AAAFRWAb0qlhU,https://zh.wikipedia.org/wiki/%E7%A6%8F%E5%85%8B%E5%85%B0%E7%BE%A4%E5%B2%9B
I_sKbzbivmkAAAFSf9d4ggBP,https://zh.wikipedia.org/wiki/%E5%8D%A2%E6%A3%AE%E5%A0%A1
on4KbzbimPUAAAFQjZZwoBfZ,https://zh.wikipedia.org/wiki/%E6%9D%B1%E5%BE%B7
tJUKbzbimMwAAAFQvZRwoBaW,https://zh.wikipedia.org/wiki/%E5%A4%A7%E4%B8%8D%E5%88%97%E9%A1%9B%E7%8E%8B%E5%9C%8B
RHIKbzbiWvwAAAFQZudwoB1.,https://zh.wikipedia.org/wiki/%E5%A4%96%E8%A5%BF%E5%87%A1%E5%B0%BC%E4%BA%9E%E5%85%AC%E5%9C%8B_(%E9%84%82%E5%9C%96%E6%9B%BC%E5%B8%9D%E5%9C%8B)
eH0Kbzbi_DkAAAFRags1_J1V,https://zh.wikipedia.org/wiki/%E8%A5%BF%E7%8F%AD%E7%89%99%E7%AC%AC%E4%BA%8C%E5%85%B1%E5%92%8C%E5%9B%BD
sZgKbzbik4sAAAFP8FlwoPLd,https://zh.wikipedia.org/wiki/%E5%8C%88%E7%89%99%E5%88%A9
_zIKbzbifUkAAAFPvfBwoJ6f,https://zh.wikipedia.org/wiki/%E5%B7%B4%E9%81%94%E7%B6%AD%E4%BA%9E%E5%85%B1%E5%92%8C%E5%9C%8B
1BkKbzbiBrcAAAFQvNNwoB2i,https://zh.wikipedia.org/wiki/%E9%A9%AC%E6%9D%A5%E8%A5%BF%E4%BA%9A
oe0KbzbiV.QAAAFPXgtwoPTf,https://zh.wikipedia.org/wiki/%E4%BD%86%E6%BE%A4%E8%87%AA%E7%94%B1%E5%B8%82
BL8Kbzbitk0AAAFQ5iZwoB28,https://zh.wikipedia.org/wiki/%E7%91%9E%E5%85%B8
EEoKbzbi2yMAAAFQIMRwoB4F,https://zh.wikipedia.org/wiki/%E5%A2%A8%E8%A5%BF%E5%93%A5%E7%AC%AC%E4%BA%8C%E5%B8%9D%E5%9C%8B
RbcKbzbiTSEAAAFQfcNwoBPi,https://zh.wikipedia.org/wiki/%E9%A9%AC%E5%B0%94%E4%BB%A3%E5%A4%AB
bWEKbzbirYoAAAFQdx1woBu_,https://zh.wikipedia.org/wiki/%E5%8D%B0%E5%BA%A6
mBAKbzbi1_8AAAFQIY5woBaG,https://zh.wikipedia.org/wiki/%E4%B8%83%E6%9C%88%E7%8E%8B%E6%9C%9D
n1UKbzbiD9MAAAFQeHhwoBW3,https://zh.wikipedia.org/wiki/%E4%BF%9D%E5%8A%A0%E5%88%A9%E4%BA%9A%E7%AC%AC%E4%BA%8C%E5%B8%9D%E5%9B%BD
1XUKbzbiSboAAAFP8Q8InBHE,https://zh.wikipedia.org/wiki/%E5%9F%83%E5%8F%8A%E7%8E%8B%E5%9C%8B
nVcKbzbiOA0AAAFQzAhwoBUl,https://zh.wikipedia.org/wiki/%E7%BE%A9%E5%A4%A7%E5%88%A9%E7%8E%8B%E5%9C%8B_(%E6%8B%BF%E7%A0%B4%E5%B4%99%E6%99%82%E4%BB%A3)
f0UKbzbiIksAAAFP904InBUv,https://zh.wikipedia.org/wiki/%E6%99%AE%E9%AD%AF%E5%A3%AB%E9%82%A6
bZsKbzbiwy4AAAFQy.NwoBgb,https://zh.wikipedia.org/wiki/%E8%A5%BF%E5%BE%B7
FzgKbzbigi8AAAFP8DVwoOAN,https://zh.wikipedia.org/wiki/%E6%A2%B5%E8%92%82%E5%86%88
_MgKbzbij4kAAAFPX39woPPS,https://zh.wikipedia.org/wiki/%E5%A5%A5%E5%9C%B0%E5%88%A9
D4AKbzbi4K0AAAFQS9NwoBUU,https://zh.wikipedia.org/wiki/%E5%8C%97%E5%BE%B7%E6%84%8F%E5%BF%97%E9%82%A6%E8%81%AF
8P4KbzbirIwAAAFQYKJwoGxE,https://zh.wikipedia.org/wiki/%E8%8D%B7%E5%85%B0%E4%B8%9C%E5%8D%B0%E5%BA%A6%E5%85%AC%E5%8F%B8
GJ8Kbzbia4kAAAFPhwsInAoK,https://zh.wikipedia.org/wiki/%E9%A6%AC%E7%88%BE%E4%BB%96%E9%A8%8E%E5%A3%AB%E5%9C%98
eyIKbzbi5pwAAAFQAQBwoBSI,https://zh.wikipedia.org/wiki/%E5%AE%89%E5%93%88%E5%B0%94%E7%89%B9-%E8%B4%9D%E6%81%A9%E5%A0%A1-%E7%BB%8D%E5%A7%86%E5%A0%A1-%E9%9C%8D%E4%BC%8A%E5%A7%86
vG4KX9ISkBsAAAFTAke.JE3d,https://zh.wikipedia.org/wiki/%E8%8D%B7%E5%85%B0
FzgKbzbigi8AAAFP8DVwoOAN,https://zh.wikipedia.org/wiki/%E6%A2%B5%E8%92%82%E5%86%88
acYKbzbibIoAAAFQYnFwoBQj,https://zh.wikipedia.org/wiki/%E7%88%B1%E5%B0%94%E5%85%B0%E5%85%B1%E5%92%8C%E5%9B%BD
BnwKbzbiSGAAAAFPjS4InAoo,https://zh.wikipedia.org/wiki/%E5%90%89%E6%89%93
8qMKbzbidIoAAAFPSJPkbHBl,https://zh.wikipedia.org/wiki/%E6%8B%89%E8%84%AB%E7%B6%AD%E4%BA%9E
4k0KbzbifFEAAAFPNAAInAu4,https://zh.wikipedia.org/wiki/%E5%AD%9F%E5%8A%A0%E6%8B%89%E5%9B%BD
INMKbzbitM4AAAFQWvRwoGe5,https://zh.wikipedia.org/wiki/%E6%B3%95%E8%98%AD%E8%A5%BF%E7%AC%AC%E4%BA%94%E5%85%B1%E5%92%8C%E5%9C%8B
lPcKbzbi1lAAAAFQiFRwoBZS,https://zh.wikipedia.org/wiki/%E5%AD%9F%E5%8A%A0%E6%8B%89
EQ0Kbzbi8eMAAAFPVl8InAn1,https://zh.wikipedia.org/wiki/%E7%BA%A6%E6%97%A6
KPYKbzbi7jEAAAFQJt5woAZT,https://zh.wikipedia.org/wiki/%E9%A9%AC%E6%9D%A5%E4%BA%9A%E8%81%94%E5%90%88%E9%82%A6
F8oKbzbihjUAAAFQAsBwoBsD,https://zh.wikipedia.org/wiki/%E4%BA%9A%E9%80%9F%E5%B0%94%E7%BE%A4%E5%B2%9B
jO4KbzbilPkAAAFQQd1woBTo,https://zh.wikipedia.org/wiki/%E6%A0%B9%E8%A5%BF
Cx8KbzbimtgAAAFQ7NpwoBVR,https://zh.wikipedia.org/wiki/%E9%98%BF%E5%B0%94%E8%90%A8%E6%96%AF
oFAKbzbiv4EAAAFQleBwoCHh,https://zh.wikipedia.org/wiki/%E5%AE%89%E8%BE%BE%E5%8D%A2%E6%96%AF
6BMKbzbiM4IAAAFQaLhwoBda,https://zh.wikipedia.org/wiki/%E8%A5%BF%E7%8F%AD%E7%89%99%E5%93%88%E5%B8%83%E6%96%AF%E5%A0%A1%E7%8E%8B%E6%9C%9D
mP4Kbzbi9IIAAAFQn2JwoBfS,https://zh.wikipedia.org/wiki/%E5%AE%89%E5%93%A5%E6%8B%89
us4KbzbiwkgAAAFPzyBwoKIA,https://zh.wikipedia.org/wiki/%E8%81%94%E9%82%A6%E5%B7%9E_(%E5%BE%B7%E5%9B%BD)
cq8KbzbiuJsAAAFQfFhwoBbT,https://zh.wikipedia.org/wiki/%E8%A5%BF%E7%8F%AD%E7%89%99%E7%AC%AC%E4%B8%80%E5%85%B1%E5%92%8C%E5%9C%8B
ZXIKbzbi_qYAAAFQA_FwoBVV,https://zh.wikipedia.org/wiki/%E7%B4%90%E8%8A%AC%E8%98%AD%E8%88%87%E6%8B%89%E5%B8%83%E6%8B%89%E5%A4%9A
CQMKbzbiMngAAAFPo6RwoLey,https://zh.wikipedia.org/wiki/%E8%91%A1%E8%90%84%E7%89%99
VykKbzbiRjUAAAFQ.LZwoB_C,https://zh.wikipedia.org/wiki/%E9%A6%AC%E5%BE%B7%E6%8B%89
uVwKbzbi7RoAAAFP2mkInAvK,https://zh.wikipedia.org/wiki/%E6%B5%B7%E5%BE%97%E6%8B%89%E5%B7%B4_(%E5%9C%9F%E9%82%A6)
9ygKbzbijO4AAAFP2ZsInAoj,https://zh.wikipedia.org/wiki/%E9%98%BF%E6%A0%B9%E5%BB%B7
JfAKbzbiYkoAAAFPpmJwoN3C,https://zh.wikipedia.org/wiki/%E4%B8%9C%E5%B8%9D%E6%B1%B6
84wKbzbiMSQAAAFPS4FwoLOK,https://zh.wikipedia.org/wiki/%E6%BE%B3%E9%96%80
KpoKbzbiLOkAAAFPPidwoMzH,https://zh.wikipedia.org/wiki/%E5%B8%8C%E8%87%98%E7%8E%8B%E5%9C%8B
4esKbzbiUfkAAAFQXtZwoBol,https://zh.wikipedia.org/wiki/%E8%B3%BD%E6%99%AE%E5%8B%92%E6%96%AF
Wg4KbzbiUjUAAAFPmy5woLmE,https://zh.wikipedia.org/wiki/%E5%A4%A7%E4%B8%8D%E5%88%97%E9%A2%A0%E5%8F%8A%E7%88%B1%E5%B0%94%E5%85%B0%E8%81%94%E5%90%88%E7%8E%8B%E5%9B%BD
VzcKbzbif9MAAAFRzA41_MFA,https://zh.wikipedia.org/wiki/%E4%B8%8D%E4%B8%B9
A2AKbzbistUAAAFQqXRwoBri,https://zh.wikipedia.org/wiki/%E5%AE%89%E5%93%88%E5%B0%94%E7%89%B9-%E5%BE%B7%E7%BB%8D
zW0KbzbiXnwAAAFQ5m9woBuZ,https://zh.wikipedia.org/wiki/%E5%B7%B4%E8%A5%BF%E5%B8%9D%E5%9C%8B
qdAKbzbi5aoAAAFQu8twoB0.,https://zh.wikipedia.org/wiki/%E6%B3%A2%E5%85%B0%E4%BA%BA%E6%B0%91%E5%85%B1%E5%92%8C%E5%9B%BD
u.gKbzbiqDYAAAFQDJBwoBz0,https://zh.wikipedia.org/wiki/%E5%A4%A7%E5%93%A5%E5%80%AB%E6%AF%94%E4%BA%9E%E5%85%B1%E5%92%8C%E5%9C%8B
atkKbzbiWMEAAAFQG81woBnj,https://zh.wikipedia.org/wiki/%E5%A5%A7%E5%9C%B0%E5%88%A9%E5%B8%9D%E5%9C%8B
YtAKbzbiur4AAAFQX8VwoBV1,https://zh.wikipedia.org/wiki/%E5%9C%A3%E5%A4%9A%E7%BE%8E%E5%92%8C%E6%99%AE%E6%9E%97%E8%A5%BF%E6%AF%94
b08KbzbiLJIAAAFQxpVwoB.b,https://zh.wikipedia.org/wiki/%E4%BF%84%E7%BD%97%E6%96%AF%E8%8B%8F%E7%BB%B4%E5%9F%83%E8%81%94%E9%82%A6%E7%A4%BE%E4%BC%9A%E4%B8%BB%E4%B9%89%E5%85%B1%E5%92%8C%E5%9B%BD
3tcKbzbiTpUAAAFP_kdALJYQ,https://zh.wikipedia.org/wiki/%E5%93%88%E8%90%A8%E5%85%8B%E6%96%AF%E5%9D%A6
IygKbzbivF8AAAFPviTDv0Qj,https://zh.wikipedia.org/wiki/%E5%AE%89%E5%8D%97%E9%83%BD%E6%8A%A4%E5%BA%9C
9fUKbzbil4MAAAFPAo0InAvK,https://zh.wikipedia.org/wiki/%E9%98%BF%E5%B0%94%E5%B7%B4%E5%B0%BC%E4%BA%9A%E7%8E%8B%E5%9B%BD
NQYKbzbiv1gAAAFQdPFwoBQJ,https://zh.wikipedia.org/wiki/%E6%8B%89%E6%99%AE%E6%8B%89%E5%A1%94%E8%81%94%E5%90%88%E7%9C%81
uV8Kbzbi2KAAAAFQ9VlwoBaW,https://zh.wikipedia.org/wiki/%E6%A0%BC%E6%9E%97%E7%BA%B3%E8%BE%BE
QXgKqUpYUjcAAAFgYtqPQjex,https://zh.wikipedia.org/wiki/%E4%BF%9D%E5%8A%A0%E5%88%A9%E4%BA%9E%E4%BA%BA%E6%B0%91%E5%85%B1%E5%92%8C%E5%9C%8B
1EMKbzbi7OIAAAFQUHpwoBb2,https://zh.wikipedia.org/wiki/%E5%B7%B4%E7%99%BB%E9%81%B8%E4%BE%AF%E5%9C%8B
JaEKqUpYKxoAAAFj9KwbD60q,https://zh.wikipedia.org/wiki/%E6%B3%A2%E6%9C%AD%E9%82%A3
YWgKbzbiKxQAAAFQCe1woBfS,https://zh.wikipedia.org/wiki/%E6%A0%BC%E9%B2%81%E5%90%89%E4%BA%9A
JfAKbzbiYkoAAAFPpmJwoN3C,https://zh.wikipedia.org/wiki/%E4%B8%9C%E5%B8%9D%E6%B1%B6
V68Kbzbi5LoAAAFRxTc1_J5d,https://zh.wikipedia.org/wiki/%E6%AF%94%E4%BA%9A%E6%B3%95%E6%8B%89%E5%85%B1%E5%92%8C%E5%9B%BD
YtAKbzbiur4AAAFQX8VwoBV1,https://zh.wikipedia.org/wiki/%E5%9C%A3%E5%A4%9A%E7%BE%8E%E5%92%8C%E6%99%AE%E6%9E%97%E8%A5%BF%E6%AF%94
S.sKbzbil3wAAAFQRf1woBnV,https://zh.wikipedia.org/wiki/%E9%98%BF%E6%A0%B9%E5%BB%B7%E9%82%A6%E8%81%94
qcgKX9ISM64AAAFTJcO.JE3f,https://zh.wikipedia.org/wiki/%E9%AB%98%E6%A3%89%E5%85%B1%E5%92%8C%E5%9C%8B
1YoKbzbiFm0AAAFQsK5woBlL,https://zh.wikipedia.org/wiki/%E7%B6%AD%E5%B8%8C%E6%B3%95%E5%9C%8B
hPEKbzbiQVcAAAFPs3nkbHFf,https://zh.wikipedia.org/wiki/%E5%9F%83%E5%8F%8A
C78KX9IS_agAAAFdkI8vfj.1,https://zh.wikipedia.org/wiki/%E7%BD%97%E9%A9%AC%E5%B0%BC%E4%BA%9A%E8%81%94%E5%90%88%E5%85%AC%E5%9B%BD
8qMKbzbidIoAAAFPSJPkbHBl,https://zh.wikipedia.org/wiki/%E6%8B%89%E8%84%AB%E7%B6%AD%E4%BA%9E
TL8Kbzbi_I0AAAFQcA1woB_L,https://zh.wikipedia.org/wiki/%E5%B8%8C%E8%85%8A-%E5%B7%B4%E5%85%8B%E7%89%B9%E9%87%8C%E4%BA%9A%E7%8E%8B%E5%9B%BD
d5YKbzbiRHsAAAFQPEVwoBq4,https://zh.wikipedia.org/wiki/%E5%88%9A%E6%9E%9C%E6%B0%91%E4%B8%BB%E5%85%B1%E5%92%8C%E5%9B%BD
KpoKbzbiLOkAAAFPPidwoMzH,https://zh.wikipedia.org/wiki/%E5%B8%8C%E8%87%98%E7%8E%8B%E5%9C%8B
.7oKbzbijjAAAAFRtXp4gtvi,https://zh.wikipedia.org/wiki/%E5%8D%A1%E5%B0%94%E9%A9%AC%E8%81%94%E5%90%88
GGcKbzbiBRIAAAFQEe5woB89,https://zh.wikipedia.org/wiki/%E8%91%A1%E5%B1%AC%E5%8D%B0%E5%BA%A6
WQ0Kbzbi8fYAAAFPmjgInAvJ,https://zh.wikipedia.org/wiki/%E8%8E%AB%E5%8D%A7%E5%84%BF%E5%B8%9D%E5%9B%BD
DccKbzbi4xEAAAFSwtF4ggsF,https://zh.wikipedia.org/wiki/%E5%A4%9A%E6%98%8E%E5%B0%BC%E5%8A%A0
hmYKbzbi3_sAAAFPyKDkbF99,https://zh.wikipedia.org/wiki/%E7%A7%98%E9%B2%81
HjQKbzbinQAAAAFQtT1woBbB,https://zh.wikipedia.org/wiki/%E7%A7%91%E7%A7%91%E6%96%AF%EF%BC%88%E5%9F%BA%E6%9E%97%EF%BC%89%E7%BE%A4%E5%B3%B6
mp0KbzbiBMAAAAFQke1woBRJ,https://zh.wikipedia.org/wiki/%E5%9C%9F%E8%80%B3%E5%85%B6
CSYKbzbiyF0AAAFPw1ZwoK1o,https://zh.wikipedia.org/wiki/%E8%8D%B7%E5%85%B0%E7%8E%8B%E5%9B%BD
s3QKbzbiXf8AAAFPpoBwoLex,https://zh.wikipedia.org/wiki/%E6%84%8F%E5%A4%A7%E5%88%A9
82EKbzbidWYAAAFQPn9woBmq,https://zh.wikipedia.org/wiki/%E6%96%B0%E6%A0%BC%E6%8B%89%E7%B4%8D%E9%81%94%E7%B8%BD%E7%9D%A3%E8%BD%84%E5%8D%80
bawKbzbiryQAAAFQJrNwoGsy,https://zh.wikipedia.org/wiki/%E8%B5%A4%E9%81%93%E5%87%A0%E5%86%85%E4%BA%9A
JJsKbzbiqUAAAAFPHzxwoLE_,https://zh.wikipedia.org/wiki/%E8%A5%BF%E7%8F%AD%E7%89%99
W.IKbzbin4MAAAFQ6HlwoBrw,https://zh.wikipedia.org/wiki/%E5%B7%B4%E8%A5%BF
CzAKbzbi7_YAAAFP_7jkbG.0,https://zh.wikipedia.org/wiki/%E9%98%BF%E5%A1%9E%E6%8B%9C%E7%96%86
cZYKbzbiLP8AAAFPa99ALHzU,https://zh.wikipedia.org/wiki/%E5%BE%B7%E5%9B%BD
hnYKbzbi5HIAAAFQiyBwoBSz,https://zh.wikipedia.org/wiki/%E4%BD%9B%E6%9C%97%E5%93%A5%E6%97%B6%E6%9C%9F
uV8Kbzbi2KAAAAFQ9VlwoBaW,https://zh.wikipedia.org/wiki/%E6%A0%BC%E6%9E%97%E7%BA%B3%E8%BE%BE
cqIKbzbigbYAAAFQ07JwoBY4,https://zh.wikipedia.org/wiki/%E9%98%BF%E5%AF%8C%E6%B1%97%E6%B0%91%E4%B8%BB%E5%85%B1%E5%92%8C%E5%9B%BD
hHoKbzbiExMAAAFQPl9woBsp,https://zh.wikipedia.org/wiki/%E8%90%A8%E5%85%8B%E6%A3%AE-%E7%A7%91%E5%A0%A1-%E5%93%A5%E8%BE%BE
iJ4KbzbiREQAAAFQ_BlwoAVJ,https://zh.wikipedia.org/wiki/%E7%A0%82%E6%8B%89%E8%B6%8A
QyUKbzbi_hgAAAFQLnZwoBq5,https://zh.wikipedia.org/wiki/%E8%A5%BF%E7%8F%AD%E7%89%99%E5%B8%9D%E5%9C%8B
Q.wKbzbiAEIAAAFQvOZwoBZF,https://zh.wikipedia.org/wiki/%E6%A0%BC%E6%8B%89%E7%B4%8D%E9%81%94%E8%81%AF%E5%90%88
aLo781tUaZkAAAFt83K1tN_O,https://zh.wikipedia.org/wiki/%E7%8E%BB%E5%88%A9%E7%B6%AD%E4%BA%9E
LDMKbzbi4kAAAAFQpltwoBss,https://zh.wikipedia.org/wiki/%E7%8E%BB%E5%88%A9%E7%B6%AD%E4%BA%9E
vW8KbzbiHDEAAAFQf45woBis,https://zh.wikipedia.org/wiki/%E8%8D%B7%E5%B1%9E%E5%AE%89%E7%9A%84%E5%88%97%E6%96%AF
5xgKbzbiAV4AAAFQfS5woBWv,https://zh.wikipedia.org/wiki/%E4%BF%9D%E5%8A%A0%E5%88%A9%E4%BA%9A
tdgKbzbiB0AAAAFQii9woBi4,https://zh.wikipedia.org/wiki/%E6%B3%A2%E6%97%81%E5%A4%8D%E8%BE%9F
SxoKbzbi8v4AAAFO2eLGN_sL,https://zh.wikipedia.org/wiki/%E5%8A%A0%E6%8B%BF%E5%A4%A7
cZYKbzbiLP8AAAFPa99ALHzU,https://zh.wikipedia.org/wiki/%E5%BE%B7%E5%9B%BD
2LQKbzbibKIAAAFReYU1_J0k,https://zh.wikipedia.org/wiki/%E4%B8%AD%E7%BE%8E%E6%B4%B2%E8%81%94%E9%82%A6%E5%85%B1%E5%92%8C%E5%9B%BD
iKAKbzbiP1cAAAFPyRvbiDsb,https://zh.wikipedia.org/wiki/%E4%BF%84%E7%BD%97%E6%96%AF%E5%B8%9D%E5%9B%BD
kpIKbzbiCtUAAAFPbdDkbGR1,https://zh.wikipedia.org/wiki/%E5%8B%83%E8%98%AD%E7%99%BB%E5%A0%A1-%E6%99%AE%E9%AD%AF%E5%A3%AB
q2YKbzbilggAAAFPrgRwoMT8,https://zh.wikipedia.org/wiki/%E5%8C%88%E7%89%99%E5%88%A9%E7%8E%8B%E5%9B%BD_(1920%E2%80%931946)
QfcKbzbi5t0AAAFR0hU1_Kur,https://zh.wikipedia.org/wiki/%E5%8D%97%E6%96%AF%E6%8B%89%E5%A4%AB%E7%A4%BE%E4%BC%9A%E4%B8%BB%E4%B9%89%E8%81%94%E9%82%A6%E5%85%B1%E5%92%8C%E5%9B%BD
J3EKbzbi2BQAAAFQ5y1woB7E,https://zh.wikipedia.org/wiki/%E5%A1%9E%E7%90%89%E5%8F%A4%E5%B8%9D%E5%9B%BD
7sEKbzbi0CAAAAFQYXRwoBZW,https://zh.wikipedia.org/wiki/%E5%A4%A7%E6%97%A5%E6%9C%AC%E5%B8%9D%E5%9B%BD
8Z8Kbzbi3GcAAAFPWtZALHqe,https://zh.wikipedia.org/wiki/%E5%A5%A5%E5%8C%88%E5%B8%9D%E5%9B%BD
LTEKbzbiAWIAAAFPawVwoLez,https://zh.wikipedia.org/wiki/%E5%A5%A5%E6%96%AF%E6%9B%BC%E5%B8%9D%E5%9B%BD
rgwKbzbi_lQAAAFQ3Y9woBk0,https://zh.wikipedia.org/wiki/%E9%A9%AC%E6%9D%A5%E4%BA%9A%E8%81%94%E9%82%A6
_40KbzbidbwAAAFPf.LbiCdT,https://zh.wikipedia.org/wiki/%E8%8E%AB%E6%96%AF%E7%A7%91%E5%85%AC%E5%9B%BD
DQ4Kbzbi5r8AAAFQsDVwoBmP,https://zh.wikipedia.org/wiki/%E8%8B%B1%E5%B1%9E%E5%8D%B0%E5%BA%A6
tFgKbzbizKwAAAFPAQjDv0cw,https://zh.wikipedia.org/wiki/%E8%8B%8F%E8%81%94
r2kKbzbiKf8AAAFQ7rZwoB07,https://zh.wikipedia.org/wiki/%E7%BE%85%E9%A6%AC%E5%B0%BC%E4%BA%9E%E7%8E%8B%E5%9C%8B
iPsKbzbiclgAAAFPedUInBrp,https://zh.wikipedia.org/wiki/%E7%B4%8D%E7%B2%B9%E5%BE%B7%E5%9C%8B
hpsKbzbimncAAAFQETtwoB3p,https://zh.wikipedia.org/wiki/%E7%A7%98%E9%B2%81%E6%80%BB%E7%9D%A3%E8%BE%96%E5%8C%BA
M5wKbzbifN0AAAFPDdtwoLex,https://zh.wikipedia.org/wiki/%E7%A5%9E%E5%9C%A3%E7%BD%97%E9%A9%AC%E5%B8%9D%E5%9B%BD
O7sKbzbi8tcAAAFPAFTkbGu1,https://zh.wikipedia.org/wiki/%E6%B3%95%E5%85%B0%E8%A5%BF%E7%AC%AC%E4%B8%80%E5%B8%9D%E5%9B%BD
RHQKbzbiuWAAAAFPTxRwoMzG,https://zh.wikipedia.org/wiki/%E6%AC%BD%E5%AF%9F%E6%B1%97%E5%9C%8B
pTcKbzbiO9gAAAFPZSdALH9O,https://zh.wikipedia.org/wiki/%E6%99%AE%E9%AD%AF%E5%A3%AB%E7%8E%8B%E5%9C%8B
YakKbzbi5q8AAAFQWaZwoBi4,https://zh.wikipedia.org/wiki/%E6%96%B0%E8%A5%BF%E7%8F%AD%E7%89%99%E7%B8%BD%E7%9D%A3%E8%BD%84%E5%8D%80
NhkKbzbi4oQAAAFQTm1woA29,https://zh.wikipedia.org/wiki/%E6%95%99%E7%9A%87%E5%9B%BD
Fd0KbzbiuFcAAAFQwTVwoG1_,https://zh.wikipedia.org/wiki/%E6%84%8F%E5%A4%A7%E5%88%A9%E7%8E%8B%E5%9C%8B_(1861%E5%B9%B4%E2%80%931946%E5%B9%B4)
ctRjFT5ZZREAAAGILZilyVzZ,https://zh.wikipedia.org/wiki/%E5%BE%B7%E6%84%8F%E5%BF%97%E9%82%A6%E8%81%AF
veAKbzbiNqgAAAFQb8JwoGcl,https://zh.wikipedia.org/wiki/%E5%BE%B7%E6%84%8F%E5%BF%97%E9%82%A6%E8%81%AF
8mAKbzbiM7MAAAFPwCNwoJ6I,https://zh.wikipedia.org/wiki/%E5%BE%B7%E6%84%8F%E5%BF%97%E5%B8%9D%E5%9C%8B
ZkYKX9ISXssAAAFTIZm.JE3f,https://zh.wikipedia.org/wiki/%E5%B8%8C%E8%85%8A%E7%AC%AC%E4%B8%80%E5%85%B1%E5%92%8C%E5%9B%BD
CQMKbzbiMngAAAFPo6RwoLey,https://zh.wikipedia.org/wiki/%E8%91%A1%E8%90%84%E7%89%99
C6wKbzbifI0AAAFPq45woLey,https://zh.wikipedia.org/wiki/%E7%BE%85%E9%A6%AC%E5%B0%BC%E4%BA%9E
PPkKbzbiEIgAAAFP3nLbiDbK,https://zh.wikipedia.org/wiki/%E6%97%A5%E6%9C%AC
quEKbzbi2doAAAFQRhtwoA3_,https://zh.wikipedia.org/wiki/%E7%91%9E%E5%A3%AB
xCAKbzbiQg0AAAFQiqFwoBia,https://zh.wikipedia.org/wiki/%E4%B8%B9%E9%BA%A6
qVAKbzbidpEAAAFP39xwoMzF,https://zh.wikipedia.org/wiki/%E6%96%B0%E8%A5%BF%E5%85%B0
cxoKbzbiTuIAAAFQj4dwoBmL,https://zh.wikipedia.org/wiki/%E6%8C%AA%E5%A8%81
af4Kbzbix8EAAAFPCzNALHmv,https://zh.wikipedia.org/wiki/%E9%A6%99%E6%B8%AF
KpUKX9ISpHgAAAFTlpy.JE3f,https://zh.wikipedia.org/wiki/%E5%B8%8C%E8%87%98%E5%9C%8B
JdMKbzbiWMkAAAFPQAjkbF_n,https://zh.wikipedia.org/wiki/%E5%B8%8C%E8%85%8A
4k4KbzbiqW4AAAFPV_YInAtd,https://zh.wikipedia.org/wiki/%E5%B8%95%E7%88%BE%E9%A6%AC%E5%85%AC%E5%9C%8B
uxAKbzbiTmoAAAFP8hcInAtV,https://zh.wikipedia.org/wiki/%E8%96%A9%E4%B8%81%E5%B0%BC%E4%BA%9E%E7%8E%8B%E5%9C%8B
SrcO2dY9tH4AAAFxD1mFNyxV,https://zh.wikipedia.org/wiki/%E5%B7%B4%E4%BC%90%E5%88%A9%E4%BA%9A
XMgKbzbisX8AAAFQzp4ZIM5J,https://zh.wikipedia.org/wiki/%E5%B7%B4%E4%BC%90%E5%88%A9%E4%BA%9A
ANMKqUpYGTcAAAFfnP1FTnid,https://zh.wikipedia.org/wiki/%E6%B3%95%E5%B1%AC%E6%91%A9%E6%B4%9B%E5%93%A5
rhoKbzbicTEAAAFPpmrkbFdL,https://zh.wikipedia.org/wiki/%E6%91%A9%E6%B4%9B%E5%93%A5
rhoKbzbicTEAAAFPpmrkbFdL,https://zh.wikipedia.org/wiki/%E6%91%A9%E6%B4%9B%E5%93%A5
v4IKbzbiW5EAAAFPYFHkbGDl,https://zh.wikipedia.org/wiki/%E7%BE%85%E9%A6%AC%E5%B8%9D%E5%9C%8B
09wKbzbiSc4AAAFOSMnGN_sO,https://zh.wikipedia.org/wiki/%E4%BF%84%E7%BD%97%E6%96%AF
exMKbzbiCCQAAAFPvsIInBvr,https://zh.wikipedia.org/wiki/%E5%9C%A3%E8%B5%AB%E5%8B%92%E6%8B%BF%E5%B2%9B
o_oKbzbiBOQAAAFPoBDkbGdF,https://zh.wikipedia.org/wiki/%E6%8B%9C%E5%8D%A0%E5%BA%AD%E5%B8%9D%E5%9B%BD
H5QKbzbizz4AAAFQ7ABwoBnA,https://zh.wikipedia.org/wiki/%E8%8B%B1%E6%A0%BC%E5%85%B0%E7%8E%8B%E5%9B%BD
K.MKbzbi.LUAAAFQUi1woB4v,https://zh.wikipedia.org/wiki/%E7%BD%97%E9%A9%AC%E5%85%B1%E5%92%8C%E5%9B%BD
cfEKbzbignwAAAFQ9QtwoBoo,https://zh.wikipedia.org/wiki/%E6%AF%94%E5%88%A9%E6%97%B6
VocKbzbicCgAAAFPaj7GNwk5,https://zh.wikipedia.org/wiki/%E6%B3%A2%E8%98%AD%E6%9C%83%E8%AD%B0%E7%8E%8B%E5%9C%8B
lCgKqUpYTJoAAAFe6yBe8K2m,https://zh.wikipedia.org/wiki/%E8%90%A8%E5%85%8B%E6%A3%AE-%E9%98%BF%E5%B0%94%E6%BB%95%E5%A0%A1
fewKbzbiDU8AAAFTK_KsEgPo,https://zh.wikipedia.org/wiki/%E8%90%A8%E5%85%8B%E6%A3%AE-%E9%AD%8F%E7%8E%9B-%E8%89%BE%E6%A3%AE%E7%BA%B3%E8%B5%AB
v8EKbzbiu1wAAAFSpD5zG4cn,https://zh.wikipedia.org/wiki/%E5%A5%A5%E5%B0%94%E7%99%BB%E5%A0%A1%E5%A4%A7%E5%85%AC%E5%9B%BD
0jIKbzbimmEAAAFS2wFzG4Zc,https://zh.wikipedia.org/wiki/%E6%B1%89%E8%AF%BA%E5%A8%81%E7%8E%8B%E5%9B%BD
mG0Kbzbi9RAAAAFQkDBwoGIC,https://zh.wikipedia.org/wiki/%E8%90%A8%E5%85%8B%E6%A3%AE%E7%8E%8B%E5%9B%BD
fYkKX9IS3SoAAAFT7ca.JExu,https://zh.wikipedia.org/wiki/%E6%B3%95%E8%98%AD%E5%85%8B%E7%A6%8F%E8%87%AA%E7%94%B1%E5%B8%82
DpkKX9ISsCgAAAFcpTzAskIM,https://zh.wikipedia.org/wiki/%E7%93%A6%E5%B0%94%E5%BE%B7%E5%85%8B%E7%BB%9F%E6%B2%BB%E8%80%85%E5%88%97%E8%A1%A8
MUoKbzbiVL0AAAFTvDSsEgc3,https://zh.wikipedia.org/wiki/%E6%B1%89%E8%AF%BA%E5%A8%81
0dIKbzbifm0AAAFSTuesEros,https://zh.wikipedia.org/wiki/%E6%B1%89%E8%AF%BA%E7%93%A6%E7%9C%81
PPQKX9ISo8EAAAFchFwvfroB,https://zh.wikipedia.org/wiki/%E8%90%A8%E5%85%8B%E6%A3%AE-%E8%BF%88%E5%AE%81%E6%A0%B9
Uy4KbzbigmIAAAFSsF.sEvZh,https://zh.wikipedia.org/wiki/%E6%B1%89%E5%A0%A1
fy8KX9ISgL8AAAFTGiQJ25Ow,https://zh.wikipedia.org/wiki/%E4%B8%8D%E4%BE%86%E6%A2%85%E5%B7%9E
5NsKbzbia3wAAAFQ2WtwoBXq,https://zh.wikipedia.org/wiki/%E9%AD%8F%E7%91%AA%E5%85%B1%E5%92%8C%E5%9C%8B
HW4KbzbiM9wAAAFS9Wt4ggVZ,https://zh.wikipedia.org/wiki/%E9%BB%91%E6%A3%AE-%E8%BE%BE%E5%A7%86%E6%96%BD%E5%A1%94%E7%89%B9
dRYKX9IS.2gAAAFUDGdna1LR,https://zh.wikipedia.org/wiki/%E6%8B%BF%E9%AA%9A%E5%85%AC%E5%9B%BD
zWIKbzbiCoUAAAFQUZ9woByW,https://zh.wikipedia.org/wiki/%E5%93%88%E5%B8%83%E6%96%AF%E5%A0%A1%E5%90%9B%E4%B8%BB%E5%9C%8B
qCYKbzbiW9IAAAFPFk9woLey,https://zh.wikipedia.org/wiki/%E6%B3%A2%E5%85%B0
kdEKbzbibHcAAAFPegFwoLey,https://zh.wikipedia.org/wiki/%E5%A5%A5%E5%9C%B0%E5%88%A9%E5%8E%86%E5%8F%B2
