SkcKbzbiUesAAAFNJ73Si7n2,https://de.wikipedia.org/wiki/Demokratisches_Kampuchea
BLgKbzbiMGkAAAFMWvMfTozT,https://de.wikipedia.org/wiki/Anhalt
SsMKbzbi2NAAAAFMU2EfToSs,https://de.wikipedia.org/wiki/Russisches_Reich
8rQKbzbidZMAAAFMmcofTolh,https://de.wikipedia.org/wiki/Russische_Sozialistische_F%C3%B6derative_Sowjetrepublik
8dAKbzbibmoAAAFMDwfx3YEE,https://de.wikipedia.org/wiki/Aruba
vHMKbzbi6moAAAFMwLMfToMr,https://de.wikipedia.org/wiki/Kiewer_Rus
k24KbzbicBEAAAFMEukfToKP,https://de.wikipedia.org/wiki/Zarentum_Russland
DCMKbzbi9bgAAAFM8jYfToJu,https://de.wikipedia.org/wiki/Sowjetunion
TOUKbzbivRIAAAFMK2EfTooe,https://de.wikipedia.org/wiki/Gro%C3%9Ff%C3%BCrstentum_Moskau
ASEKbzbibTAAAAFMzXEfToQU,https://de.wikipedia.org/wiki/Georgien
d90Kbzbi0nwAAAFMLrQfTpv1,https://de.wikipedia.org/wiki/Wei%C3%9Frussland
nHkKbzbilJAAAAFMn6vx3YEd,https://de.wikipedia.org/wiki/Ukraine
nVIKbzbiGDkAAAFMUEEfTokO,https://de.wikipedia.org/wiki/Aserbaidschan
LqQKbzbi6yUAAAFMnu5Y_tLL,https://de.wikipedia.org/wiki/Tadschikistan
Bp0KbzbiWFoAAAFMl5UfToVu,https://de.wikipedia.org/wiki/Moldawien
WHsKbzbigjoAAAFMsqUfTo1E,https://de.wikipedia.org/wiki/Usbekistan
k3kKbzbiTF8AAAFMoTIfTolh,https://de.wikipedia.org/wiki/Estland
ulQKbzbigj4AAAFM3TMfTos.,https://de.wikipedia.org/wiki/Armenien
sjYKbzbiqwwAAAFMbMkfToN.,https://de.wikipedia.org/wiki/Kasachstan
jZgKbzbinIEAAAFMtHkfToI8,https://de.wikipedia.org/wiki/Kirgisistan
_okKbzbif0UAAAFM4TUfTomE,https://de.wikipedia.org/wiki/Litauen
DJMKbzbiTkoAAAFMuYXx3YF9,https://de.wikipedia.org/wiki/Lettland
qlUKbzbiAHEAAAFM9bMfToZJ,https://de.wikipedia.org/wiki/Turkmenistan
ltkKbzbiJAkAAAFMz0vx3YC7,https://de.wikipedia.org/wiki/Vereinigtes_K%C3%B6nigreich
sjtg_CDP6a8AAAFspezj4JPo,https://de.wikipedia.org/wiki/Vereinigtes_K%C3%B6nigreich
tV8Kbzbi9rcAAAFMjg0fToPr,https://de.wikipedia.org/wiki/Vereinigtes_K%C3%B6nigreich_von_Gro%C3%9Fbritannien_und_Irland
qo4KbzbiwSIAAAFMFrgfToQ0,https://de.wikipedia.org/wiki/K%C3%B6nigreich_Gro%C3%9Fbritannien
E84Kbzbi.MMAAAFMvAMfToVo,https://de.wikipedia.org/wiki/K%C3%B6nigreich_England
uz8KbzbiW9EAAAFM0r0fTopz,https://de.wikipedia.org/wiki/Commonwealth_of_England
aCsKbzbidCcAAAFMEc4fToTs,https://de.wikipedia.org/wiki/Britisches_Weltreich
EjgKbzbiKSEAAAFMwklRkrLx,https://de.wikipedia.org/wiki/Straits_Settlements
46cKbzbi0zcAAAFM5WUVZu2i,https://de.wikipedia.org/wiki/Britisch-Westafrika
prYKbzbil1UAAAFMnCcfTowL,https://de.wikipedia.org/wiki/S%C3%BCdrhodesien
FDwKbzbiDokAAAFMe6QfTp7h,https://de.wikipedia.org/wiki/Rhodesien
o6gKbzbiU_YAAAFM4ORRkqUS,https://de.wikipedia.org/wiki/Sambia
GfcKbzbiwyIAAAFMzH0fToJh,https://de.wikipedia.org/wiki/Britisch-Indien
4LoKbzbi6uwAAAFM1xkfToTD,https://de.wikipedia.org/wiki/Indien
5cEKbzbiPHkAAAFM9dIfToXc,https://de.wikipedia.org/wiki/Portugiesisch-Indien
oCkKbzbiYksAAAFMc0QfTpR3,https://de.wikipedia.org/wiki/Bengalen
qSoKbzbi4wwAAAFNa6qx3Sya,https://de.wikipedia.org/wiki/Hyderabad_(Staat)
sOEKbzbiRoAAAAFMd4kfTorP,https://de.wikipedia.org/wiki/Pakistan
18IKbzbi6jQAAAFMh8wfTomm,https://de.wikipedia.org/wiki/St._Helena_(Insel)
Kt4Kbzbi46gAAAFM4sUfTpUB,https://de.wikipedia.org/wiki/Jamaika
oBwKbzbiqeYAAAFMi7YfToIh,https://de.wikipedia.org/wiki/Abchasien
p3gKbzbi4fcAAAFMF2sfTpQC,https://de.wikipedia.org/wiki/Ungarn
qbYKbzbiGZwAAAFM87UfTom2,https://de.wikipedia.org/wiki/K%C3%B6nigreich_Ungarn
h_kKbzbi_W0AAAFMWffx3YEM,https://de.wikipedia.org/wiki/R%C3%B6misches_Reich
hyAKbzbiYpMAAAFMr_EfToVH,https://de.wikipedia.org/wiki/Osmanisches_Reich
EfAKbzbiJqgAAAFMT2IfToOk,https://de.wikipedia.org/wiki/Republik_Venedig
6n0Kbzbi074AAAFM5igfToZG,https://de.wikipedia.org/wiki/T%C3%BCrkei
bC4Kbzbiw7MAAAFMhvkfToV0,https://de.wikipedia.org/wiki/R%C3%B6mische_Republik
HP8KbzbipYMAAAFMYeQfToKP,https://de.wikipedia.org/wiki/Zweites_Kaiserreich
7skKbzbiomEAAAFMKRUfToi8,https://de.wikipedia.org/wiki/Malaysia
BWQKbzbiT80AAAFMquBY_tB5,https://de.wikipedia.org/wiki/Sarawak
QwgKbzbiOIMAAAFMVpEVZvFq,https://de.wikipedia.org/wiki/Brandenburg-Preu%C3%9Fen
eKoKbzbipM0AAAFMTsFRkqIH,https://de.wikipedia.org/wiki/F%C3%B6deration_Malaya
FpUKbzbiAW0AAAFMUWJRkqfn,https://de.wikipedia.org/wiki/Federated_Malay_States
rR4Kbzbik1MAAAFMlX0fTofr,https://de.wikipedia.org/wiki/Malaiische_Union
On8KbzbiN4QAAAFM5KFRkrKn,https://de.wikipedia.org/wiki/Malteserorden
vVIKbzbi5A4AAAFMwHrx3YDH,https://de.wikipedia.org/wiki/Khanat_der_Krim
xK0KbzbiPDAAAAFMs8NRkrIN,https://de.wikipedia.org/wiki/Goldene_Horde
38gKbzbimckAAAFMURkfToso,https://de.wikipedia.org/wiki/Isle_of_Man
94EKbzbi8OoAAAFM7FMfToV5,https://de.wikipedia.org/wiki/Simbabwe
EwIKbzbi27UAAAFMnU4fTp75,https://de.wikipedia.org/wiki/Travancore
nR0Kbzbi3RcAAAFNPk6x3SUP,https://de.wikipedia.org/wiki/Brunei
QowKbzbi3J4AAAFMF9FKksTn,https://de.wikipedia.org/wiki/Japanisches_Kaiserreich
inUKbzbipX4AAAFMXtEfToQE,https://de.wikipedia.org/wiki/%C3%96sterreich-Ungarn
q1IKX9ISyEwAAAFTdVE6JooG,https://de.wikipedia.org/wiki/%C3%96sterreich-Ungarn
O2QKbzbiEVEAAAFMhuQfToee,https://de.wikipedia.org/wiki/Irland
1KwKbzbihmEAAAFMwoIfToUu,https://de.wikipedia.org/wiki/Islamisches_Emirat_Afghanistan
udkKbzbitTAAAAFMBVAfTovm,https://de.wikipedia.org/wiki/Demokratische_Republik_Afghanistan
hEsKbzbiTZQAAAFMl7IfTo6L,https://de.wikipedia.org/wiki/Macao
WgIKbzbiTHoAAAFMaC0fToWp,https://de.wikipedia.org/wiki/S%C3%A3o_Tom%C3%A9_und_Pr%C3%ADncipe
WgIKbzbiTHoAAAFMaC0fToWp,https://de.wikipedia.org/wiki/S%C3%A3o_Tom%C3%A9_und_Pr%C3%ADncipe
Ub0KbzbitbcAAAFM0L0VZu24,https://de.wikipedia.org/wiki/Madeira_(Inselgruppe)
_gUKbzbit4MAAAFMwyPx3YCT,https://de.wikipedia.org/wiki/Kap_Verde
_M8Kbzbit7IAAAFMlUgfToqR,https://de.wikipedia.org/wiki/Guinea-Bissau
yEsKbzbi1fsAAAFMxOJKksUo,https://de.wikipedia.org/wiki/Azoren
ZxwKbzbio7gAAAFM1.9RksKk,https://de.wikipedia.org/wiki/Mogulreich
D2AKbzbiKPQAAAFMsOsfToN3,https://de.wikipedia.org/wiki/Malediven
ap8KbzbiSrwAAAFMRW_x3YEx,https://de.wikipedia.org/wiki/Land_(Deutschland)
sYUKbzbiJ1kAAAFMYOgfToQf,https://de.wikipedia.org/wiki/Deutschland
YMoKbzbifWQAAAFNI_yx3S0l,https://de.wikipedia.org/wiki/Besatzungszone
iFoKbzbiZbQAAAFMWmofToHO,https://de.wikipedia.org/wiki/Deutsches_Reich_1933_bis_1945
gjAKbzbifb4AAAFME0MfTopW,https://de.wikipedia.org/wiki/Kirchenstaat
iBgKbzbiS4AAAAFMia3x3YCW,https://de.wikipedia.org/wiki/Angola
JLUKbzbiUwAAAAFMTOIfToWD,https://de.wikipedia.org/wiki/Deutsche_Demokratische_Republik
3tgKbzbiy6wAAAFMtFgfTo7b,https://de.wikipedia.org/wiki/Dritte_Franz%C3%B6sische_Republik
QbsKbzbi7S8AAAFM1zUfToZY,"https://de.wikipedia.org/wiki/Erstes_Kaiserreich "
00oKbzbiI7UAAAFMhlEfToQI,https://de.wikipedia.org/wiki/Erste_Franz%C3%B6sische_Republik
h1sKbzbiTEoAAAFM89hY_s7G,https://de.wikipedia.org/wiki/Julimonarchie
OmUKbzbi0R0AAAFMAR4fTou2,https://de.wikipedia.org/wiki/Restauration_(Frankreich)
ltMKbzbipYYAAAFMgo9RksMI,https://de.wikipedia.org/wiki/Zweite_Franz%C3%B6sische_Republik
VNIKbzbirzcAAAFMGQgfTo1N,https://de.wikipedia.org/wiki/Vichy-Regime
74wKbzbiqC0AAAFMCswfToOS,https://de.wikipedia.org/wiki/Vierte_Franz%C3%B6sische_Republik
lSQKbzbiIcwAAAFM3WNRkrjj,https://de.wikipedia.org/wiki/F%C3%BCnfte_Franz%C3%B6sische_Republik
8KkKbzbimwQAAAFMCXhY_ter,https://de.wikipedia.org/wiki/Guernsey
JBoKbzbiQCAAAAFMUXBRkrG_,https://de.wikipedia.org/wiki/Britisch-Ostafrika
UiMKbzbi5GcAAAFMjkZY_s6V,https://de.wikipedia.org/wiki/K%C3%B6nigreich_Jerusalem
HooKbzbin28AAAFMXAgfToP7,https://de.wikipedia.org/wiki/K%C3%B6nigreich_Jugoslawien
IaIKbzbirdIAAAFM_q8fTooF,https://de.wikipedia.org/wiki/Jordanien
ZEkKbzbiSGwAAAFMVVcfToVv,https://de.wikipedia.org/wiki/Afrikanische_Union
F_8KbzbidDYAAAFMm1sfToYE,https://de.wikipedia.org/wiki/K%C3%B6nigreich_Albanien
dm4KbzbibJsAAAFM.QofToHb,https://de.wikipedia.org/wiki/Albanien
wCMKbzbio5sAAAFMsDYfToVZ,https://de.wikipedia.org/wiki/Britische_Ostindien-Kompanie
Uk0KbzbiwxEAAAFM4y_x3YFs,https://de.wikipedia.org/wiki/Republik_Zypern
Q78KbzbiFEkAAAFMp0ZY_tHi,https://de.wikipedia.org/wiki/Kongresspolen
qP8Kbzbi2zcAAAFM1t4fTotR,https://de.wikipedia.org/wiki/Seleukidenreich
y3oKbzbiCnwAAAFMfjwfTo9G,https://de.wikipedia.org/wiki/Griechisch-Baktrisches_K%C3%B6nigreich
VMkKbzbibmsAAAFMmbAfToYg,https://de.wikipedia.org/wiki/Polen-Litauen
gm4KbzbitTUAAAFMI.0fToU.,https://de.wikipedia.org/wiki/K%C3%B6nigreich_Preu%C3%9Fen
VRMKbzbipxkAAAFMfnAfTob9,https://de.wikipedia.org/wiki/Zweite_Polnische_Republik
qbYKbzbiGZwAAAFM87UfTom2,https://de.wikipedia.org/wiki/K%C3%B6nigreich_Ungarn
OY4Kbzbi4eMAAAFMyy4fToJm,https://de.wikipedia.org/wiki/Heiliges_R%C3%B6misches_Reich
D2AKbzbiKPQAAAFMsOsfToN3,https://de.wikipedia.org/wiki/Malediven
lZIKbzbiSucAAAFMq28fToJq,https://de.wikipedia.org/wiki/Geschichte_%C3%96sterreichs#Die_Erste_Republik_.281918.E2.80.931938.29
j9AKbzbi_6YAAAFMjxIfToeC,https://de.wikipedia.org/wiki/Gro%C3%9Ff%C3%BCrstentum_Litauen
j6IKbzbiPgcAAAFMRZMfTob9,https://de.wikipedia.org/wiki/Deutsches_Kaiserreich
fAsKbzbivjwAAAFMVhfx3YEe,https://de.wikipedia.org/wiki/Weimarer_Republik
JjwKbzbiti4AAAFMJXtY_tDC,https://de.wikipedia.org/wiki/Sachsen-Coburg_und_Gotha_(Herzogtum)
t3wKbzbilgsAAAFMWDcfToTO,https://de.wikipedia.org/wiki/Geschichte_der_Stadt_Danzig
BkQKbzbiFGAAAAFMtDYfTobD,https://de.wikipedia.org/wiki/Volksrepublik_Polen
AaA03inwGUUAAAFoR6ZnUWel,https://de.wikipedia.org/wiki/Osttimor
fGo0tui1jpkAAAFoB9YYSxwj,https://de.wikipedia.org/wiki/Osttimor
SRkKbzbivDcAAAFM1.ofTofX,https://de.wikipedia.org/wiki/Osttimor
AaA03inwGUUAAAFoR6ZnUWel,https://de.wikipedia.org/wiki/Osttimor
fGo0tui1jpkAAAFoB9YYSxwj,https://de.wikipedia.org/wiki/Osttimor
SRkKbzbivDcAAAFM1.ofTofX,https://de.wikipedia.org/wiki/Osttimor
sL0KbzbiE7kAAAFMtg4fToWV,https://de.wikipedia.org/wiki/Al-Andalus
7QEKbzbiM0wAAAFM9YUfToSA,https://de.wikipedia.org/wiki/%C3%96sterreich
7QEKbzbiM0wAAAFM9YUfToSA,https://de.wikipedia.org/wiki/%C3%96sterreich
ADoKbzbiJjMAAAFM14MfToRR,https://de.wikipedia.org/wiki/Besetztes_Nachkriegs%C3%B6sterreich
_gUKbzbit4MAAAFMwyPx3YCT,https://de.wikipedia.org/wiki/Kap_Verde
szkKbzbicyYAAAFMEIFRkqUM,https://de.wikipedia.org/wiki/Israel
DJMKbzbiTkoAAAFMuYXx3YF9,https://de.wikipedia.org/wiki/Lettland
BnUKbzbi1q8AAAFMb0ofToSY,https://de.wikipedia.org/wiki/Tristan_da_Cunha
0YwKbzbimisAAAFMMRkfToU8,https://de.wikipedia.org/wiki/Kanada
jrcKbzbiKu8AAAFM7DsfToYa,https://de.wikipedia.org/wiki/Zand-Prinzen
8vMKbzbiNTYAAAFMP3kfToWo,https://de.wikipedia.org/wiki/Iran
BdwKbzbiIP8AAAFMNvofToeM,https://de.wikipedia.org/wiki/Sassanidenreich
UEUKbzbig0YAAAFMlJ8fToVT,https://de.wikipedia.org/wiki/Vereinigte_Staaten
iVsKbzbihLQAAAFMby4fToVJ,https://de.wikipedia.org/wiki/Jungferninseln
rJMKbzbiJ88AAAFM9yrx3YD8,https://de.wikipedia.org/wiki/Polen
sA0KbzbiNnkAAAFMB60fToum,https://de.wikipedia.org/wiki/Mexiko
NW0KbzbieJgAAAFMRZgfTp7J,https://de.wikipedia.org/wiki/Perak
Xp4KbzbiLZwAAAFMfmJY_tUk,https://de.wikipedia.org/wiki/Kedah
58gKbzbivXcAAAFM8hgVZu3G,https://de.wikipedia.org/wiki/Kelantan
p4AKbzbiNQ4AAAFMSOcfToKP,https://de.wikipedia.org/wiki/Grenada
p4AKbzbiNQ4AAAFMSOcfToKP,https://de.wikipedia.org/wiki/Grenada
riMKbzbi4akAAAFM91YfToRO,https://de.wikipedia.org/wiki/K%C3%B6nigreich_Griechenland
riMKbzbi4akAAAFM91YfToRO,https://de.wikipedia.org/wiki/K%C3%B6nigreich_Griechenland
riMKbzbi4akAAAFM91YfToRO,https://de.wikipedia.org/wiki/K%C3%B6nigreich_Griechenland
JdEKbzbimpgAAAFMQTUfTpvc,https://de.wikipedia.org/wiki/Griechenland
Rr0KbzbiQE4AAAFMqIQfToTz,https://de.wikipedia.org/wiki/Mecklenburg-Schwerin
J.0KbzbibLwAAAFMkRLx3YEI,https://de.wikipedia.org/wiki/Belize
O4UKbzbiOFsAAAFM.5MfTodI,https://de.wikipedia.org/wiki/K%C3%B6nigreich_Portugal
6bwKbzbigPQAAAFMJ1gfTosi,https://de.wikipedia.org/wiki/Finnland
6bwKbzbigPQAAAFMJ1gfTosi,https://de.wikipedia.org/wiki/Finnland
3KoKbzbitCEAAAFMT29Y_sow,https://de.wikipedia.org/wiki/%C3%84quatorialguinea
RUEKbzbiBfoAAAFM3JtY_ti.,https://de.wikipedia.org/wiki/Niederl%C3%A4ndisch-Indien
5iIKbzbiubgAAAFMIvAfTo8z,https://de.wikipedia.org/wiki/Niederl%C3%A4ndische_Ostindien-Kompanie
SbcKbzbivHUAAAFMTKYfTozZ,https://de.wikipedia.org/wiki/Afghanistan
6SUKbzbiQkgAAAFMKrIfToMC,https://de.wikipedia.org/wiki/Emirat_Afghanistan
rJMKbzbiJ88AAAFM9yrx3YD8,https://de.wikipedia.org/wiki/Polen
oMIKbzbiC4IAAAFMXfJY_tZJ,https://de.wikipedia.org/wiki/Niederl%C3%A4ndische_Antillen
w9gKbzbiaFgAAAFM6i4fTp8Y,https://de.wikipedia.org/wiki/Erste_Portugiesische_Republik
LscKbzbiauYAAAFMeMLx3YDX,https://de.wikipedia.org/wiki/Portugal
iRIKbzbicC4AAAFMgZ4fToWS,https://de.wikipedia.org/wiki/Estado_Novo_(Portugal)
SqMKbzbiHYcAAAFM13jx3YA4,https://de.wikipedia.org/wiki/Russland
SqMKbzbiHYcAAAFM13jx3YA4,https://de.wikipedia.org/wiki/Russland
w2YKbzbi35MAAAFMBxAfTpY2,https://de.wikipedia.org/wiki/Portugiesische_Kolonialgeschichte
6iEKbzbitfUAAAFMVtwVZuoP,https://de.wikipedia.org/wiki/Erste_Spanische_Republik
Y3AKbzbikGgAAAFM92hRkqSq,https://de.wikipedia.org/wiki/Zweite_Spanische_Republik
FYkKbzbiwEkAAAFMnMzx3YA8,https://de.wikipedia.org/wiki/Spanien
FYkKbzbiwEkAAAFMnMzx3YA8,https://de.wikipedia.org/wiki/Spanien
9AoKbzbiJmIAAAFMqSkfToZo,https://de.wikipedia.org/wiki/Spanisches_Kolonialreich
QmkKbzbiKJgAAAFMKQcfToKd,https://de.wikipedia.org/wiki/Kaiserreich_Mexiko_(1864%E2%80%931867)
sA0KbzbiNnkAAAFMB60fToum,https://de.wikipedia.org/wiki/Mexiko
cgQKbzbi6ugAAAFM1tBY_s.a,https://de.wikipedia.org/wiki/Kaiserreich_Mexiko_(1821%E2%80%931823)
rSwKbzbiwGkAAAFMS2ofTpJZ,https://de.wikipedia.org/wiki/Vizek%C3%B6nigreich_Neuspanien
PjsKbzbi.0wAAAFMj1YfToG4,https://de.wikipedia.org/wiki/Gro%C3%9Fkolumbien
lykKbzbimGsAAAFMtEpY_tLx,https://de.wikipedia.org/wiki/Republik_Neugranada
7MoKbzbi7QAAAAFMAZ1Y_uFq,https://de.wikipedia.org/wiki/Granada-Konf%C3%B6deration
_LIKbzbiCa4AAAFMJQofTpM2,https://de.wikipedia.org/wiki/Vereinigte_Staaten_von_Kolumbien
LgsKbzbijSYAAAFMWTUfTo_e,https://de.wikipedia.org/wiki/Kolumbien
lwcKbzbiiuQAAAFMmWNY_tMw,https://de.wikipedia.org/wiki/Vizek%C3%B6nigreich_Neugranada
LgsKbzbijSYAAAFMWTUfTo_e,https://de.wikipedia.org/wiki/Kolumbien
v9sKbzbi_HwAAAFMs.MfTpOi,https://de.wikipedia.org/wiki/Vatikanstadt
iW0KbzbiH8QAAAFMtwrx3YB0,https://de.wikipedia.org/wiki/Italien
v0sKbzbiYFkAAAFMgqYfTpd2,https://de.wikipedia.org/wiki/Schwarzburg-Sondershausen
HAQKbzbindEAAAFMjxQfTorA,https://de.wikipedia.org/wiki/Panama
shIKbzbiBTcAAAFMku4fTome,https://de.wikipedia.org/wiki/Reichsstadt_Aachen
sYUKbzbiJ1kAAAFMYOgfToQf,https://de.wikipedia.org/wiki/Deutschland
YEkKbzbiOCUAAAFMCq8fTo3v,https://de.wikipedia.org/wiki/Deutscher_Bund
jRgKbzbiPk0AAAFMDjUfToPq,https://de.wikipedia.org/wiki/Norddeutscher_Bund
vXYKbzbiwrwAAAFMYXEfToqu,https://de.wikipedia.org/wiki/Rheinbund
BLgKbzbiMGkAAAFMWvMfTozT,https://de.wikipedia.org/wiki/Anhalt
v3MKbzbiHMcAAAFMeesfTpHr,https://de.wikipedia.org/wiki/Anhalt-Dessau
RCEKbzbiQXYAAAFMplDx3YB_,https://de.wikipedia.org/wiki/F%C3%BCrstentum_Anhalt-Zerbst
1AMKbzbiqtgAAAFMxBkfToem,https://de.wikipedia.org/wiki/Anhalt-Bernburg
2QUKbzbi6.8AAAFMci5Rkqwq,https://de.wikipedia.org/wiki/Altena
3xgKbzbiO34AAAFM.PIfToOe,https://de.wikipedia.org/wiki/Elsass
SfkKbzbi9vgAAAFMb9Dx3YEw,https://de.wikipedia.org/wiki/Augsburg
F_MKbzbiq_sAAAFMaURRksLu,https://de.wikipedia.org/wiki/Herzogtum_Arenberg
b8YKbzbidb4AAAFMwK9RkqR1,https://de.wikipedia.org/wiki/Anhalt-K%C3%B6then
o8YKbzbi1nAAAAFMEQEfTog4,https://de.wikipedia.org/wiki/Anklam
0T4KbzbiXrYAAAFNy7BXxjVo,https://de.wikipedia.org/wiki/Markgrafschaft_Baden
DqQKbzbiR0kAAAFNYIsevkug,https://de.wikipedia.org/wiki/Kurf%C3%BCrstentum_Baden
qawKbzbigRoAAAFMdnxKksT1,https://de.wikipedia.org/wiki/Markgrafschaft_Baden-Durlach
IpkKbzbiz4gAAAFM.TUfToKP,https://de.wikipedia.org/wiki/Hochstift_Bamberg
ZEYKbzbi1K4AAAFM92kfToKO,https://de.wikipedia.org/wiki/Byzantinisches_Reich
SeIKbzbiB7AAAAFMKTwfToJl,https://de.wikipedia.org/wiki/Geschichte_Bayerns#Das_j.C3.BCngere_baierische_Stammesherzogtum
o5cKbzbiRlUAAAFMTQ0fToJm,https://de.wikipedia.org/wiki/Kurf%C3%BCrstentum_Bayern
IEgKbzbiRo0AAAFMnBsfToU5,https://de.wikipedia.org/wiki/K%C3%B6nigreich_Bayern
l9IKbzbiUTcAAAFMuFIfTobO,https://de.wikipedia.org/wiki/F%C3%BCrstentum_Ansbach
CTPvo12DIHoAAAGCAXkxwTNB,https://de.wikipedia.org/wiki/Australien
jYcKbzbi4doAAAFMrnkfToOB,https://de.wikipedia.org/wiki/Australien
CTPvo12DIHoAAAGCAXkxwTNB,https://de.wikipedia.org/wiki/Australien
jYcKbzbi4doAAAFMrnkfToOB,https://de.wikipedia.org/wiki/Australien
WgIKbzbiTHoAAAFMaC0fToWp,https://de.wikipedia.org/wiki/S%C3%A3o_Tom%C3%A9_und_Pr%C3%ADncipe
1cQKbzbifDoAAAFM9ncfToNh,https://de.wikipedia.org/wiki/Vereinigte_Provinzen_des_R%C3%ADo_de_la_Plata
5RIKbzbiClIAAAFM5J8fTodV,https://de.wikipedia.org/wiki/Vizek%C3%B6nigreich_des_R%C3%ADo_de_la_Plata
XlUKbzbiRicAAAFMrf9Y_tfm,https://de.wikipedia.org/wiki/Vizek%C3%B6nigreich_Peru
kO8KbzbiyYsAAAFMVYLx3YFd,https://de.wikipedia.org/wiki/Peru
9a4KbzbigVcAAAFM_8ofTorw,https://de.wikipedia.org/wiki/Chile
ma8KbzbiTJgAAAFMyorx3YDn,https://de.wikipedia.org/wiki/Argentinien
ma8KbzbiTJgAAAFMyorx3YDn,https://de.wikipedia.org/wiki/Argentinien
6EgKbzbiRxcAAAFMtBXx3YB7,https://de.wikipedia.org/wiki/Paraguay
pCMKbzbivnAAAAFMW.QfToeP,https://de.wikipedia.org/wiki/Bolivien
pCMKbzbivnAAAAFMW.QfToeP,https://de.wikipedia.org/wiki/Bolivien
YuQKbzbiooIAAAFM_CQfToaX,https://de.wikipedia.org/wiki/Aegyptus
6OsKbzbiKT8AAAFMQr0fTokG,https://de.wikipedia.org/wiki/Neufundland_und_Labrador
_84KbzbiGKUAAAFMuEMfToYs,https://de.wikipedia.org/wiki/Geschichte_der_Demokratischen_Republik_Kongo#Belgisch-Kongo
UOYKbzbicPUAAAFM38YfToSS,https://de.wikipedia.org/wiki/Bulgarien
F60KbzbiTM0AAAFNtSxXxjD8,https://de.wikipedia.org/wiki/Bahrain
uAUKbzbiFjsAAAFN4iKx3Q6z,https://de.wikipedia.org/wiki/Burundi
LvcKbzbirXUAAAFM9yFRkr7U,https://de.wikipedia.org/wiki/Benin
rTYKbzbiaKwAAAFM5FNKksSZ,https://de.wikipedia.org/wiki/Bermuda
I40Kbzbi15MAAAFMoo0fTp8u,https://de.wikipedia.org/wiki/Barbados
LjoKbzbiJjAAAAFMeSzx3YFl,https://de.wikipedia.org/wiki/Galapagosinseln
MkEKbzbi1rkAAAFMSkxY_tQu,https://de.wikipedia.org/wiki/Bangladesch
fawKbzbisXYAAAFMEGIfTpyL,https://de.wikipedia.org/wiki/Belgien
z_EKbzbiNnAAAAFN7B1Xxj8N,https://de.wikipedia.org/wiki/Kokosinseln
mMkKbzbi0cwAAAFMYPJRkqcs,https://de.wikipedia.org/wiki/Demokratische_Republik_Kongo
B40KbzbiFF0AAAFMYDcfTo0s,https://de.wikipedia.org/wiki/Elfenbeink%C3%BCste
xGcKbzbinGAAAAFMCZUfToJ8,https://de.wikipedia.org/wiki/Bhutan
3dsKbzbiYl0AAAFMB9ofTouh,https://de.wikipedia.org/wiki/B%C3%B6hmen
mSIKbzbiojMAAAFMpCsfTouu,https://de.wikipedia.org/wiki/Bosnien_und_Herzegowina
XI4KbzbiOCoAAAFM0S1Rkr.e,https://de.wikipedia.org/wiki/Bosporanisches_Reich
EkQKbzbiODwAAAFM9XIfTouE,https://de.wikipedia.org/wiki/Botswana
Z3MKbzbi.6QAAAFMV44fTovX,https://de.wikipedia.org/wiki/Brasilien
u3AKbzbi4vkAAAFNE9Sx3Sr9,https://de.wikipedia.org/wiki/Grafschaft_Flandern
W8YKbzbiN2IAAAFMVvAfToZb,https://de.wikipedia.org/wiki/K%C3%B6nigreich_Italien_(1805%E2%80%931814)
iW0KbzbiH8QAAAFMtwrx3YB0,https://de.wikipedia.org/wiki/Italien
TtEKbzbiFEoAAAFMgQdRksIC,https://de.wikipedia.org/wiki/Philippinen
J9cKbzbiZdYAAAFMr4gfTouI,https://de.wikipedia.org/wiki/K%C3%B6nigreich_Sachsen
ltkKbzbiJAkAAAFMz0vx3YC7,https://de.wikipedia.org/wiki/Vereinigtes_K%C3%B6nigreich
sjtg_CDP6a8AAAFspezj4JPo,https://de.wikipedia.org/wiki/Vereinigtes_K%C3%B6nigreich
p3gKbzbi4fcAAAFMF2sfTpQC,https://de.wikipedia.org/wiki/Ungarn
6CgKbzbijYIAAAFOdA_FUJzZ,https://de.wikipedia.org/wiki/Parthien
4BAKbzbip9UAAAFNgQhmYFiB,https://de.wikipedia.org/wiki/Ach%C3%A4menidenreich
GxsKbzbii3oAAAFN9zdmYFgy,https://de.wikipedia.org/wiki/Partherreich
fy0KbzbizqQAAAFNm2hmYHAm,https://de.wikipedia.org/wiki/Kaiserreich_Korea
nIIKbzbiPsIAAAFNk6PSi7c.,https://de.wikipedia.org/wiki/Korea
6bwKbzbigPQAAAFMJ1gfTosi,https://de.wikipedia.org/wiki/Finnland
HLIKbzbiCfAAAAFNq4nSi7Na,https://de.wikipedia.org/wiki/Gro%C3%9Ff%C3%BCrstentum_Finnland
BZwKbzbi12AAAAFN.FrSi7Uh,https://de.wikipedia.org/wiki/Sozialistische_F%C3%B6derative_Republik_Jugoslawien
apUKbzbicOgAAAFN.SlZWMc7,https://de.wikipedia.org/wiki/Serbien
_Q4Kbzbio9sAAAFO5nPFULwp,https://de.wikipedia.org/wiki/Serbien_und_Montenegro
apUKbzbicOgAAAFN.SlZWMc7,https://de.wikipedia.org/wiki/Serbien
oCwKbzbiumsAAAFMOokfTp8L,https://de.wikipedia.org/wiki/Jammu_und_Kashmir
4LoKbzbi6uwAAAFM1xkfToTD,https://de.wikipedia.org/wiki/Indien
K9UKbzbio.YAAAFNHENZWM.Z,https://de.wikipedia.org/wiki/Guinea
jDkKbzbiVxkAAAFNW8tHEfUE,https://de.wikipedia.org/wiki/Norwegen
Rf8KbzbiDr0AAAFNaK9HEfG1,https://de.wikipedia.org/wiki/Landgrafschaft_Hessen-Darmstadt
.bMKbzbiwDQAAAFNUrRHEfBb,https://de.wikipedia.org/wiki/Gro%C3%9Fherzogtum_Hessen
7hAKbzbi8aAAAAFNkQ1HEfrv,https://de.wikipedia.org/wiki/F%C3%BCrstentum_Lippe
MlgKbzbi.rAAAAFN_VRHEfBn,https://de.wikipedia.org/wiki/K%C3%B6nigreich_W%C3%BCrttemberg
PFcKbzbiDWAAAAFNe01HEfru,https://de.wikipedia.org/wiki/Biafra
JdEKbzbimpgAAAFMQTUfTpvc,https://de.wikipedia.org/wiki/Griechenland
8qoKbzbiQVAAAAFOp0.5ljFG,https://de.wikipedia.org/wiki/Erste_Hellenische_Republik
wSkKbzbieXoAAAFOoBdHERy5,https://de.wikipedia.org/wiki/Zentralamerikanische_Konf%C3%B6deration
k1YKbzbia8gAAAFQBylwoF4j,https://de.wikipedia.org/wiki/Freistaat_Preu%C3%9Fen
mMkKbzbi0cwAAAFMYPJRkqcs,https://de.wikipedia.org/wiki/Demokratische_Republik_Kongo
8qcKbzbiCHQAAAFOzeu5linL,https://de.wikipedia.org/wiki/Zaire
aw4KbzbiWiwAAAFMEzofToVF,https://de.wikipedia.org/wiki/%C3%84gypten
hKkKX9ISAu8AAAFTWg06Joor,https://de.wikipedia.org/wiki/%C3%84gypten
4qgKbzbiM8YAAAFO4WzFUMhx,https://de.wikipedia.org/wiki/K%C3%B6nigreich_%C3%84gypten
aw4KbzbiWiwAAAFMEzofToVF,https://de.wikipedia.org/wiki/%C3%84gypten
hKkKX9ISAu8AAAFTWg06Joor,https://de.wikipedia.org/wiki/%C3%84gypten
BtwKbzbimqQAAAFOD699aD7A,https://de.wikipedia.org/wiki/Sultanat_%C3%84gypten
RKAKbzbifnoAAAFOemXFUJtw,https://de.wikipedia.org/wiki/F%C3%BCrstentum_Rum%C3%A4nien
_okKbzbif0UAAAFM4TUfTomE,https://de.wikipedia.org/wiki/Litauen
emYKbzbivRUAAAFOMkpP13F4,https://de.wikipedia.org/wiki/Guatemala
emYKbzbivRUAAAFOMkpP13F4,https://de.wikipedia.org/wiki/Guatemala
fA8KbzbiMgoAAAFOsiBP13G8,https://de.wikipedia.org/wiki/Trinidad_und_Tobago
1UQKbzbiJV4AAAFOih3xBXjH,https://de.wikipedia.org/wiki/Zentralafrikanische_Republik
ro4Kbzbix_IAAAFOcCVP122B,https://de.wikipedia.org/wiki/S%C3%BCdgeorgien_und_die_S%C3%BCdlichen_Sandwichinseln
wnwKbzbi3pAAAAFQ3YdwoGeW,https://de.wikipedia.org/wiki/Britische_%C3%9Cberseegebiete
a7YKbzbijd8AAAFOZaLFUMjP,https://de.wikipedia.org/wiki/Ascension
JoUKbzbiE2QAAAFOdJZP13G7,https://de.wikipedia.org/wiki/Falklandinseln
FTAKbzbiFzwAAAFPIWxwoPuj,https://de.wikipedia.org/wiki/Freie_Stadt_Danzig
DukKbzbiD7kAAAFOT4HxBYzS,https://de.wikipedia.org/wiki/Schweden
Gb8Kbzbi38gAAAFOB.rFUM.0,https://de.wikipedia.org/wiki/Zarentum_Bulgarien
OfUKbzbikfIAAAFO_q_FUMl8,https://de.wikipedia.org/wiki/F%C3%BCrstentum_Bulgarien
gyIKbzbi7HEAAAFQ6tgZIMqf,https://de.wikipedia.org/wiki/Volksrepublik_Bulgarien
UOYKbzbicPUAAAFM38YfToSS,https://de.wikipedia.org/wiki/Bulgarien
CTPvo12DIHoAAAGCAXkxwTNB,https://de.wikipedia.org/wiki/Australien
jYcKbzbi4doAAAFMrnkfToOB,https://de.wikipedia.org/wiki/Australien
HREKbzbiHAkAAAFOauTFUMr0,https://de.wikipedia.org/wiki/Volksrepublik_China
XgEKbzbiLRsAAAFOutjFUMiK,https://de.wikipedia.org/wiki/Sozialistische_Volksrepublik_Albanien
dm4KbzbibJsAAAFM.QofToHb,https://de.wikipedia.org/wiki/Albanien
vCsKbzbibkUAAAFOGD3FULDC,https://de.wikipedia.org/wiki/Spanische_Niederlande
9CQKbzbi58cAAAFOnkPFUL7T,https://de.wikipedia.org/wiki/Luxemburg
v9sKbzbi_HwAAAFMs.MfTpOi,https://de.wikipedia.org/wiki/Vatikanstadt
kWgKbzbiZWsAAAFQWnBwoF5A,https://de.wikipedia.org/wiki/Dominikanische_Republik
X8QKbzbi28IAAAFMxQgfTpGD,https://de.wikipedia.org/wiki/K%C3%B6nigreich_der_Niederlande
stoKbzbi1V8AAAFQ4DtwoGop,https://de.wikipedia.org/wiki/Niederlande
TYEKbzbi6cAAAAFPJMLbiCgu,https://de.wikipedia.org/wiki/K%C3%B6nigreich_Holland
nXgKbzbin1cAAAFOm_PFUMlU,https://de.wikipedia.org/wiki/Republik_der_Sieben_Vereinigten_Provinzen
_YwKbzbi5WIAAAFP0rHbiDV6,https://de.wikipedia.org/wiki/Batavische_Republik
MZ0Kbzbi.c0AAAFQ23dwoF6f,https://de.wikipedia.org/wiki/%C3%96sterreichische_Niederlande
Uk0KbzbiwxEAAAFM4y_x3YFs,https://de.wikipedia.org/wiki/Republik_Zypern
9rsKbzbiCXAAAAFOEj7FUO8m,https://de.wikipedia.org/wiki/Khedivat_%C3%84gypten
sYUKbzbiJ1kAAAFMYOgfToQf,https://de.wikipedia.org/wiki/Deutschland
LscKbzbiauYAAAFMeMLx3YDX,https://de.wikipedia.org/wiki/Portugal
yM4Kbzbick4AAAFPo2vbiDD1,https://de.wikipedia.org/wiki/Rum%C3%A4nien
NGgKbzbi5KYAAAFPZp9woLWM,https://de.wikipedia.org/wiki/Japan
VBEKbzbitQ8AAAFPPzTGNwGJ,https://de.wikipedia.org/wiki/Schweiz
EcgKbzbimw8AAAFP_7NwoLjs,https://de.wikipedia.org/wiki/D%C3%A4nemark
HdkKbzbieQsAAAFPmZIInAxS,https://de.wikipedia.org/wiki/Neuseeland
jDkKbzbiVxkAAAFNW8tHEfUE,https://de.wikipedia.org/wiki/Norwegen
SCYKbzbi5iIAAAFPDYpwoOlc,https://de.wikipedia.org/wiki/Hongkong
mzIKbzbidRcAAAFPe0QInAtC,https://de.wikipedia.org/wiki/Herzogtum_Parma
9HoKbzbiGPAAAAFPKEgInA5Y,https://de.wikipedia.org/wiki/K%C3%B6nigreich_Sardinien
wNsKbzbiqNUAAAFQu3FwoF20,https://de.wikipedia.org/wiki/Bayern
5SYKbzbiaGYAAAFP8zbbiDYW,https://de.wikipedia.org/wiki/Franz%C3%B6sisch-Marokko
CUEKbzbi2v0AAAFPtgtwoJql,https://de.wikipedia.org/wiki/Marokko
CUEKbzbi2v0AAAFPtgtwoJql,https://de.wikipedia.org/wiki/Marokko
pRQKbzbiqikAAAFRi6U1_KX8,https://de.wikipedia.org/wiki/Herzogtum_Sachsen-Altenburg
8jsKbzbivykAAAFRcp81_KZA,https://de.wikipedia.org/wiki/Sachsen-Weimar-Eisenach
oVIKbzbiL7kAAAFRebw1_KX8,https://de.wikipedia.org/wiki/Gro%C3%9Fherzogtum_Oldenburg
V3EKbzbiFWIAAAFR27s1_KZA,https://de.wikipedia.org/wiki/K%C3%B6nigreich_Hannover
AikKbzbi4NMAAAFRj2A1_KX8,https://de.wikipedia.org/wiki/Schaumburg-Lippe
7nwKbzbibmMAAAFRS4c1_KXW,https://de.wikipedia.org/wiki/Freie_Stadt_Frankfurt
Ua8KbzbihGMAAAFRtrY1_KZA,https://de.wikipedia.org/wiki/Waldeck
3tsKX9ISVBcAAAFZXy4Pg0nM,https://de.wikipedia.org/wiki/Hannover
GmIKbzbiAQgAAAFR57o1_KZA,https://de.wikipedia.org/wiki/Provinz_Hannover
EgkKbzbi0zQAAAFRLoE1_KXW,https://de.wikipedia.org/wiki/Herzogtum_Sachsen-Meiningen
jx4KX9ISYagAAAFYwebCc4YQ,https://de.wikipedia.org/wiki/Reichsstadt_N%C3%BCrnberg
WCYKbzbi320AAAFR5Zo1_KZA,https://de.wikipedia.org/wiki/Kurf%C3%BCrstentum_Sachsen
q5UKbzbizSgAAAFRxKM1_KZA,https://de.wikipedia.org/wiki/Reu%C3%9F_%C3%A4lterer_Linie
vUAKbzbi5WsAAAFROMk1_Kas,https://de.wikipedia.org/wiki/Hamburg
gAoKbzbiKdEAAAFRE0g1_KZv,https://de.wikipedia.org/wiki/Freie_Hansestadt_Bremen
MXwKX9ISsJcAAAFZfKXqajcK,https://de.wikipedia.org/wiki/Herzogtum_Braunschweig
JY4KX9ISDDEAAAFZpunqajao,https://de.wikipedia.org/wiki/Herzogtum_Nassau
