f8QKbzbieUQAAAFMTo4fTpp2,http://ru.wikipedia.org/wiki/%D0%94%D0%B5%D0%BC%D0%BE%D0%BA%D1%80%D0%B0%D1%82%D0%B8%D1%87%D0%B5%D1%81%D0%BA%D0%B0%D1%8F_%D0%9A%D0%B0%D0%BC%D0%BF%D1%83%D1%87%D0%B8%D1%8F
cSUKbzbiMjUAAAFM_wYfTo5E,http://ru.wikipedia.org/wiki/%D0%90%D0%BD%D1%85%D0%B0%D0%BB%D1%8C%D1%82
ZBgKbzbipJQAAAFNbBBHEei3,http://ru.wikipedia.org/wiki/%D0%A8%D0%B2%D0%B5%D0%B4%D1%81%D0%BA%D0%BE-%D0%BD%D0%BE%D1%80%D0%B2%D0%B5%D0%B6%D1%81%D0%BA%D0%B0%D1%8F_%D1%83%D0%BD%D0%B8%D1%8F
RBsKbzbi6Z4AAAFM.lkfTpcI,http://ru.wikipedia.org/wiki/%D0%90%D1%80%D1%83%D0%B1%D0%B0
8ugKbzbi.ogAAAFMevrx3YBr,http://ru.wikipedia.org/wiki/%D0%A0%D0%BE%D1%81%D1%81%D0%B8%D0%B9%D1%81%D0%BA%D0%B0%D1%8F_%D0%B8%D0%BC%D0%BF%D0%B5%D1%80%D0%B8%D1%8F
ja8KbzbiE5wAAAFMnFrx3YA5,http://ru.wikipedia.org/wiki/%D0%9A%D0%B8%D0%B5%D0%B2%D1%81%D0%BA%D0%B0%D1%8F_%D0%A0%D1%83%D1%81%D1%8C
dpgKbzbilu8AAAFMPsjx3YA8,http://ru.wikipedia.org/wiki/%D0%A1%D0%A1%D0%A1%D0%A0
Hb0Kbzbi5QQAAAFMLKEfToKQ,http://ru.wikipedia.org/wiki/%D0%A6%D0%B0%D1%80%D1%81%D1%82%D0%B2%D0%BE_%D0%A0%D1%83%D1%81%D1%81%D0%BA%D0%BE%D0%B5
UW8KbzbiysMAAAFMpnAfToPj,http://ru.wikipedia.org/wiki/%D0%9C%D0%BE%D1%81%D0%BA%D0%BE%D0%B2%D1%81%D0%BA%D0%BE%D0%B5_%D0%BA%D0%BD%D1%8F%D0%B6%D0%B5%D1%81%D1%82%D0%B2%D0%BE
JC0Kbzbib3AAAAFM8ngfToW1,http://ru.wikipedia.org/wiki/%D0%93%D1%80%D1%83%D0%B7%D0%B8%D1%8F
AUgKbzbi_DkAAAFMJG3x3YDU,http://ru.wikipedia.org/wiki/%D0%91%D0%B5%D0%BB%D0%BE%D1%80%D1%83%D1%81%D1%81%D0%B8%D1%8F
0UcKbzbipCkAAAFMSPbx3YCQ,http://ru.wikipedia.org/wiki/%D0%A3%D0%BA%D1%80%D0%B0%D0%B8%D0%BD%D0%B0
khwKbzbiiYkAAAFMFhUfToJb,http://ru.wikipedia.org/wiki/%D0%90%D0%B7%D0%B5%D1%80%D0%B1%D0%B0%D0%B9%D0%B4%D0%B6%D0%B0%D0%BD
71sKbzbiR_oAAAFMUxbx3YA9,http://ru.wikipedia.org/wiki/%D0%A0%D0%BE%D1%81%D1%81%D0%B8%D0%B9%D1%81%D0%BA%D0%B0%D1%8F_%D0%A1%D0%BE%D0%B2%D0%B5%D1%82%D1%81%D0%BA%D0%B0%D1%8F_%D0%A4%D0%B5%D0%B4%D0%B5%D1%80%D0%B0%D1%82%D0%B8%D0%B2%D0%BD%D0%B0%D1%8F_%D0%A1%D0%BE%D1%86%D0%B8%D0%B0%D0%BB%D0%B8%D1%81%D1%82%D0%B8%D1%87%D0%B5%D1%81%D0%BA%D0%B0%D1%8F_%D0%A0%D0%B5%D1%81%D0%BF%D1%83%D0%B1%D0%BB%D0%B8%D0%BA%D0%B0
BTwKbzbicHEAAAFMPTzx3YBc,http://ru.wikipedia.org/wiki/%D0%A2%D0%B0%D0%B4%D0%B6%D0%B8%D0%BA%D0%B8%D1%81%D1%82%D0%B0%D0%BD
YUQKbzbiWBUAAAFM_HEfToJ3,http://ru.wikipedia.org/wiki/%D0%9C%D0%BE%D0%BB%D0%B4%D0%B0%D0%B2%D0%B8%D1%8F
yz8KbzbirzEAAAFMKmzx3YBI,http://ru.wikipedia.org/wiki/%D0%A3%D0%B7%D0%B1%D0%B5%D0%BA%D0%B8%D1%81%D1%82%D0%B0%D0%BD
I04Kbzbi46EAAAFM_4wfToMJ,http://ru.wikipedia.org/wiki/%D0%AD%D1%81%D1%82%D0%BE%D0%BD%D0%B8%D1%8F
dWUKbzbiub4AAAFMtt7x3YDL,http://ru.wikipedia.org/wiki/%D0%90%D1%80%D0%BC%D0%B5%D0%BD%D0%B8%D1%8F
tS4KbzbieqkAAAFMQgofTojc,http://ru.wikipedia.org/wiki/%D0%9A%D0%B0%D0%B7%D0%B0%D1%85%D1%81%D1%82%D0%B0%D0%BD
HRMKbzbiWjIAAAFMgR4fToQW,http://ru.wikipedia.org/wiki/%D0%9A%D0%B8%D1%80%D0%B3%D0%B8%D0%B7%D0%B8%D1%8F
_6QKbzbire4AAAFM66UfToOw,http://ru.wikipedia.org/wiki/%D0%9B%D0%B8%D1%82%D0%B2%D0%B0
X50KbzbibjwAAAFMxKvx3YBK,http://ru.wikipedia.org/wiki/%D0%A2%D1%83%D1%80%D0%BA%D0%BC%D0%B5%D0%BD%D0%B8%D1%8F
VHcKbzbiA0QAAAFMSdHx3YCa,http://ru.wikipedia.org/wiki/%D0%92%D0%B5%D0%BB%D0%B8%D0%BA%D0%BE%D0%B1%D1%80%D0%B8%D1%82%D0%B0%D0%BD%D0%B8%D1%8F
aOMKbzbi9pQAAAFM77rx3YFj,http://ru.wikipedia.org/wiki/%D0%A1%D0%BE%D0%B5%D0%B4%D0%B8%D0%BD%D1%91%D0%BD%D0%BD%D0%BE%D0%B5_%D0%BA%D0%BE%D1%80%D0%BE%D0%BB%D0%B5%D0%B2%D1%81%D1%82%D0%B2%D0%BE_%D0%92%D0%B5%D0%BB%D0%B8%D0%BA%D0%BE%D0%B1%D1%80%D0%B8%D1%82%D0%B0%D0%BD%D0%B8%D0%B8_%D0%B8_%D0%98%D1%80%D0%BB%D0%B0%D0%BD%D0%B4%D0%B8%D0%B8
f6gKbzbi9wIAAAFM3LcfToIz,http://ru.wikipedia.org/wiki/%D0%9A%D0%BE%D1%80%D0%BE%D0%BB%D0%B5%D0%B2%D1%81%D1%82%D0%B2%D0%BE_%D0%92%D0%B5%D0%BB%D0%B8%D0%BA%D0%BE%D0%B1%D1%80%D0%B8%D1%82%D0%B0%D0%BD%D0%B8%D1%8F
7I8Kbzbip9UAAAFMGY4fToMp,http://ru.wikipedia.org/wiki/%D0%90%D0%BD%D0%B3%D0%BB%D0%B8%D0%B9%D1%81%D0%BA%D0%B0%D1%8F_%D1%80%D0%B5%D1%81%D0%BF%D1%83%D0%B1%D0%BB%D0%B8%D0%BA%D0%B0
r_4KbzbiPrgAAAFM.bfx3YCr,http://ru.wikipedia.org/wiki/%D0%9A%D0%BE%D1%80%D0%BE%D0%BB%D0%B5%D0%B2%D1%81%D1%82%D0%B2%D0%BE_%D0%90%D0%BD%D0%B3%D0%BB%D0%B8%D1%8F
cwsKbzbi_fgAAAFMV2bx3YDi,http://ru.wikipedia.org/wiki/%D0%91%D1%80%D0%B8%D1%82%D0%B0%D0%BD%D1%81%D0%BA%D0%B0%D1%8F_%D0%97%D0%B0%D0%BF%D0%B0%D0%B4%D0%BD%D0%B0%D1%8F_%D0%90%D1%84%D1%80%D0%B8%D0%BA%D0%B0
cckKbzbiir8AAAFMgHkfToH6,http://ru.wikipedia.org/wiki/%D0%A0%D0%BE%D0%B4%D0%B5%D0%B7%D0%B8%D1%8F
KxUKbzbitaIAAAFMwU4fToGo,http://ru.wikipedia.org/wiki/%D0%97%D0%B0%D0%BC%D0%B1%D0%B8%D1%8F
OUwKbzbio7kAAAFMsoEfToO0,http://ru.wikipedia.org/wiki/%D0%91%D1%80%D0%B8%D1%82%D0%B0%D0%BD%D1%81%D0%BA%D0%B0%D1%8F_%D0%98%D0%BD%D0%B4%D0%B8%D1%8F
C0gKbzbitQ4AAAFMnX3x3YCs,http://ru.wikipedia.org/wiki/%D0%9F%D0%BE%D1%80%D1%82%D1%83%D0%B3%D0%B0%D0%BB%D1%8C%D1%81%D0%BA%D0%B0%D1%8F_%D0%98%D0%BD%D0%B4%D0%B8%D1%8F
QOAKbzbiJFQAAAFMSqvx3YEr,http://ru.wikipedia.org/wiki/%D0%91%D0%B5%D0%BD%D0%B3%D0%B0%D0%BB%D0%B8%D1%8F
1bgKbzbiMWQAAAFMv2Xx3YB7,http://ru.wikipedia.org/wiki/%D0%A5%D0%B0%D0%B9%D0%B4%D0%B0%D1%80%D0%B0%D0%B1%D0%B0%D0%B4_(%D0%BA%D0%BD%D1%8F%D0%B6%D0%B5%D1%81%D1%82%D0%B2%D0%BE)
ov4KbzbiJbMAAAFM0wIfToNk,http://ru.wikipedia.org/wiki/%D0%9F%D0%B0%D0%BA%D0%B8%D1%81%D1%82%D0%B0%D0%BD
nlUKbzbialUAAAFMM7vx3YBv,http://ru.wikipedia.org/wiki/%D0%9E%D1%81%D1%82%D1%80%D0%BE%D0%B2_%D0%A1%D0%B2%D1%8F%D1%82%D0%BE%D0%B9_%D0%95%D0%BB%D0%B5%D0%BD%D1%8B
HWMKbzbi3.IAAAFM9sAfToSa,http://ru.wikipedia.org/wiki/%D0%AF%D0%BC%D0%B0%D0%B9%D0%BA%D0%B0
M8wKbzbiWY8AAAFM2oMfToy7,http://ru.wikipedia.org/wiki/%D0%9A%D1%85%D0%BC%D0%B5%D1%80%D1%81%D0%BA%D0%B0%D1%8F_%D0%A0%D0%B5%D1%81%D0%BF%D1%83%D0%B1%D0%BB%D0%B8%D0%BA%D0%B0
dLMKbzbiuREAAAFMFMAfToTA,http://ru.wikipedia.org/wiki/%D0%90%D0%B1%D1%85%D0%B0%D0%B7%D0%B8%D1%8F
7IwKbzbie2EAAAFMAIfx3YDi,http://ru.wikipedia.org/wiki/%D0%9A%D0%BE%D1%80%D0%BE%D0%BB%D0%B5%D0%B2%D1%81%D1%82%D0%B2%D0%BE_%D0%92%D0%B5%D0%BD%D0%B3%D1%80%D0%B8%D1%8F_(1920%E2%80%941944)
WlQKbzbivjgAAAFMNdwfToxT,http://ru.wikipedia.org/wiki/%D0%92%D0%B5%D0%BD%D0%B3%D0%B5%D1%80%D1%81%D0%BA%D0%B0%D1%8F_%D0%9D%D0%B0%D1%80%D0%BE%D0%B4%D0%BD%D0%B0%D1%8F_%D0%A0%D0%B5%D1%81%D0%BF%D1%83%D0%B1%D0%BB%D0%B8%D0%BA%D0%B0
KI4KbzbisMwAAAFMlPMfToKh,http://ru.wikipedia.org/wiki/%D0%92%D0%B5%D0%BD%D0%B3%D1%80%D0%B8%D1%8F
c_IKbzbiEoIAAAFMYbofToJX,http://ru.wikipedia.org/wiki/%D0%9A%D0%BE%D1%80%D0%BE%D0%BB%D0%B5%D0%B2%D1%81%D1%82%D0%B2%D0%BE_%D0%92%D0%B5%D0%BD%D0%B3%D1%80%D0%B8%D1%8F
_XwKbzbicykAAAFM.vUfToSB,http://ru.wikipedia.org/wiki/%D0%A0%D0%B8%D0%BC%D1%81%D0%BA%D0%B0%D1%8F_%D0%B8%D0%BC%D0%BF%D0%B5%D1%80%D0%B8%D1%8F
pNIKbzbi6CMAAAFMRQHx3YCw,http://ru.wikipedia.org/wiki/%D0%92%D0%B8%D0%B7%D0%B0%D0%BD%D1%82%D0%B8%D0%B9%D1%81%D0%BA%D0%B0%D1%8F_%D0%B8%D0%BC%D0%BF%D0%B5%D1%80%D0%B8%D1%8F
9XsKbzbi7qgAAAFMetEfToNq,http://ru.wikipedia.org/wiki/%D0%92%D1%82%D0%BE%D1%80%D0%BE%D0%B5_%D0%91%D0%BE%D0%BB%D0%B3%D0%B0%D1%80%D1%81%D0%BA%D0%BE%D0%B5_%D1%86%D0%B0%D1%80%D1%81%D1%82%D0%B2%D0%BE
oI8Kbzbin6QAAAFMl4jx3YBC,http://ru.wikipedia.org/wiki/%D0%92%D0%B5%D0%BD%D0%B5%D1%86%D0%B8%D0%B0%D0%BD%D1%81%D0%BA%D0%B0%D1%8F_%D1%80%D0%B5%D1%81%D0%BF%D1%83%D0%B1%D0%BB%D0%B8%D0%BA%D0%B0
1TAKbzbiiJ8AAAFM4EEfToVA,http://ru.wikipedia.org/wiki/%D0%A2%D1%83%D1%80%D1%86%D0%B8%D1%8F
mDEKbzbiuEEAAAFM.acfToQF,http://ru.wikipedia.org/wiki/%D0%A0%D0%B8%D0%BC%D1%81%D0%BA%D0%B0%D1%8F_%D1%80%D0%B5%D1%81%D0%BF%D1%83%D0%B1%D0%BB%D0%B8%D0%BA%D0%B0
IZoKbzbiKe4AAAFMsqDx3YA9,http://ru.wikipedia.org/wiki/%D0%9E%D1%81%D0%BC%D0%B0%D0%BD%D1%81%D0%BA%D0%B0%D1%8F_%D0%B8%D0%BC%D0%BF%D0%B5%D1%80%D0%B8%D1%8F
X5MKbzbignwAAAFMdtnx3YBW,http://ru.wikipedia.org/wiki/%D0%92%D1%82%D0%BE%D1%80%D0%B0%D1%8F_%D1%84%D1%80%D0%B0%D0%BD%D1%86%D1%83%D0%B7%D1%81%D0%BA%D0%B0%D1%8F_%D0%B8%D0%BC%D0%BF%D0%B5%D1%80%D0%B8%D1%8F
GgcKbzbi9v0AAAFMlsrx3YBk,http://ru.wikipedia.org/wiki/%D0%98%D0%BD%D0%B4%D0%B8%D1%8F
05oKbzbiqSYAAAFMSvYfToKL,http://ru.wikipedia.org/wiki/%D0%9C%D0%B0%D0%BB%D0%B0%D0%B9%D0%B7%D0%B8%D1%8F
0H8KbzbiWgAAAAFMs5YfTp9i,http://ru.wikipedia.org/wiki/%D0%A1%D0%B0%D1%80%D0%B0%D0%B2%D0%B0%D0%BA
RmsKbzbiMl0AAAFME34fToQN,http://ru.wikipedia.org/wiki/%D0%9C%D0%B0%D0%BB%D0%B0%D0%B9%D1%81%D0%BA%D0%B0%D1%8F_%D0%A4%D0%B5%D0%B4%D0%B5%D1%80%D0%B0%D1%86%D0%B8%D1%8F
R8MKbzbidUkAAAFMfSHx3YBD,http://ru.wikipedia.org/wiki/%D0%9C%D0%B0%D0%BB%D0%B0%D0%B9%D1%81%D0%BA%D0%B8%D0%B9_%D0%A1%D0%BE%D1%8E%D0%B7
x8oKbzbiQ84AAAFMnNIfToNS,http://ru.wikipedia.org/wiki/%D0%A1%D1%82%D1%80%D0%B5%D0%B9%D1%82%D1%81-%D0%A1%D0%B5%D1%82%D0%BB%D0%BC%D0%B5%D0%BD%D1%82%D1%81
Z9kKbzbiZ_sAAAFMpf3x3YDA,http://ru.wikipedia.org/wiki/%D0%9E%D0%B1%D1%8A%D0%B5%D0%B4%D0%B8%D0%BD%D1%91%D0%BD%D0%BD%D1%8B%D0%B5_%D0%9C%D0%B0%D0%BB%D0%B0%D0%B9%D1%81%D0%BA%D0%B8%D0%B5_%D0%A1%D1%83%D0%BB%D1%82%D0%B0%D0%BD%D0%B0%D1%82%D1%8B
4fsKbzbiFJ0AAAFMR.jx3YBN,http://ru.wikipedia.org/wiki/%D0%91%D1%80%D0%B8%D1%82%D0%B0%D0%BD%D1%81%D0%BA%D0%B0%D1%8F_%D0%B8%D0%BC%D0%BF%D0%B5%D1%80%D0%B8%D1%8F
qTMKbzbimLkAAAFMLMLx3YA4,http://ru.wikipedia.org/wiki/%D0%9A%D1%80%D1%8B%D0%BC%D1%81%D0%BA%D0%BE%D0%B5_%D1%85%D0%B0%D0%BD%D1%81%D1%82%D0%B2%D0%BE
79AKbzbiQI8AAAFMtjUfToMB,http://ru.wikipedia.org/wiki/%D0%97%D0%BE%D0%BB%D0%BE%D1%82%D0%B0%D1%8F_%D0%9E%D1%80%D0%B4%D0%B0
49wKbzbiaAoAAAFMHxofToTM,http://ru.wikipedia.org/wiki/%D0%9E%D1%81%D1%82%D1%80%D0%BE%D0%B2_%D0%9C%D1%8D%D0%BD
uboKbzbi6A8AAAFMP8tRkqhd,http://ru.wikipedia.org/wiki/%D0%97%D0%B8%D0%BC%D0%B1%D0%B0%D0%B1%D0%B2%D0%B5
0cUKbzbiYQ4AAAFM8qAfTppC,http://ru.wikipedia.org/wiki/%D0%91%D1%80%D1%83%D0%BD%D0%B5%D0%B9
kd8KbzbiPc4AAAFMc8cfToRW,http://ru.wikipedia.org/wiki/%D0%A1%D0%B5%D0%B2%D0%B5%D1%80%D0%BD%D0%BE%D0%B5_%D0%91%D0%BE%D1%80%D0%BD%D0%B5%D0%BE
3M0KbzbiLGoAAAFM.sEfToMd,http://ru.wikipedia.org/wiki/%D0%AF%D0%BF%D0%BE%D0%BD%D1%81%D0%BA%D0%B0%D1%8F_%D0%B8%D0%BC%D0%BF%D0%B5%D1%80%D0%B8%D1%8F
PYYKbzbiEVsAAAFMTn0fToId,http://ru.wikipedia.org/wiki/%D0%A1%D1%91%D0%B3%D1%83%D0%BD%D0%B0%D1%82_%D0%A2%D0%BE%D0%BA%D1%83%D0%B3%D0%B0%D0%B2%D0%B0
DXYKX9IS86UAAAFTpvMHOOd6,http://ru.wikipedia.org/wiki/%D0%90%D0%B2%D1%81%D1%82%D1%80%D0%BE-%D0%92%D0%B5%D0%BD%D0%B3%D1%80%D0%B8%D1%8F
G4wKbzbi.UsAAAFMTFbx3YCY,http://ru.wikipedia.org/wiki/%D0%90%D0%B2%D1%81%D1%82%D1%80%D0%BE-%D0%92%D0%B5%D0%BD%D0%B3%D1%80%D0%B8%D1%8F
p1oKbzbi8zcAAAFMbJsfToVI,http://ru.wikipedia.org/wiki/%D0%98%D1%80%D0%BB%D0%B0%D0%BD%D0%B4%D0%B8%D1%8F
lxEKbzbiaR4AAAFMbSIfToSt,http://ru.wikipedia.org/wiki/%D0%98%D1%81%D0%BB%D0%B0%D0%BC%D1%81%D0%BA%D0%B8%D0%B9_%D0%AD%D0%BC%D0%B8%D1%80%D0%B0%D1%82_%D0%90%D1%84%D0%B3%D0%B0%D0%BD%D0%B8%D1%81%D1%82%D0%B0%D0%BD
mwEKbzbilyMAAAFMrBXx3YCg,http://ru.wikipedia.org/wiki/%D0%94%D0%B5%D0%BC%D0%BE%D0%BA%D1%80%D0%B0%D1%82%D0%B8%D1%87%D0%B5%D1%81%D0%BA%D0%B0%D1%8F_%D0%A0%D0%B5%D1%81%D0%BF%D1%83%D0%B1%D0%BB%D0%B8%D0%BA%D0%B0_%D0%90%D1%84%D0%B3%D0%B0%D0%BD%D0%B8%D1%81%D1%82%D0%B0%D0%BD
SjgKbzbiFpkAAAFMunEfToRc,http://ru.wikipedia.org/wiki/%D0%9C%D0%B0%D0%BA%D0%B0%D0%BE
H1sKbzbiQgoAAAFMHqvx3YFt,http://ru.wikipedia.org/wiki/%D0%A1%D0%B0%D0%BD-%D0%A2%D0%BE%D0%BC%D0%B5_%D0%B8_%D0%9F%D1%80%D0%B8%D0%BD%D1%81%D0%B8%D0%BF%D0%B8
H1sKbzbiQgoAAAFMHqvx3YFt,http://ru.wikipedia.org/wiki/%D0%A1%D0%B0%D0%BD-%D0%A2%D0%BE%D0%BC%D0%B5_%D0%B8_%D0%9F%D1%80%D0%B8%D0%BD%D1%81%D0%B8%D0%BF%D0%B8
3u4KbzbiZtEAAAFMzscfToPP,http://ru.wikipedia.org/wiki/%D0%9C%D0%B0%D0%B4%D0%B5%D0%B9%D1%80%D0%B0
Py0Kbzbi2hkAAAFMA1wfTo4.,http://ru.wikipedia.org/wiki/%D0%9F%D0%BE%D1%80%D1%82%D1%83%D0%B3%D0%B0%D0%BB%D1%8C%D1%81%D0%BA%D0%B0%D1%8F_%D0%93%D0%B2%D0%B8%D0%BD%D0%B5%D1%8F
y88KbzbittYAAAFMVl0fToqR,http://ru.wikipedia.org/wiki/%D0%93%D0%B2%D0%B8%D0%BD%D0%B5%D1%8F-%D0%91%D0%B8%D1%81%D0%B0%D1%83
.asKbzbibcoAAAFMU8wfToug,http://ru.wikipedia.org/wiki/%D0%90%D0%B7%D0%BE%D1%80%D1%81%D0%BA%D0%B8%D0%B5_%D0%BE%D1%81%D1%82%D1%80%D0%BE%D0%B2%D0%B0
3IUKbzbiwJsAAAFMidzx3YBY,http://ru.wikipedia.org/wiki/%D0%98%D0%BC%D0%BF%D0%B5%D1%80%D0%B8%D1%8F_%D0%92%D0%B5%D0%BB%D0%B8%D0%BA%D0%B8%D1%85_%D0%9C%D0%BE%D0%B3%D0%BE%D0%BB%D0%BE%D0%B2
2kIKbzbivJYAAAFM8Mvx3YA9,http://ru.wikipedia.org/wiki/%D0%9C%D0%B0%D0%BB%D1%8C%D0%B4%D0%B8%D0%B2%D1%8B
WY8Kbzbi82gAAAFMJBMfTopn,http://ru.wikipedia.org/wiki/%D0%90%D0%B4%D0%BC%D0%B8%D0%BD%D0%B8%D1%81%D1%82%D1%80%D0%B0%D1%82%D0%B8%D0%B2%D0%BD%D0%BE%D0%B5_%D0%B4%D0%B5%D0%BB%D0%B5%D0%BD%D0%B8%D0%B5_%D0%93%D0%B5%D1%80%D0%BC%D0%B0%D0%BD%D0%B8%D0%B8
AYYKbzbiMAUAAAFMgGPx3YBN,http://ru.wikipedia.org/wiki/%D0%93%D0%B5%D1%80%D0%BC%D0%B0%D0%BD%D0%B8%D1%8F
ovwKbzbiSQ4AAAFMVJLx3YCn,http://ru.wikipedia.org/wiki/%D0%A2%D1%80%D0%B5%D1%82%D0%B8%D0%B9_%D1%80%D0%B5%D0%B9%D1%85
l3wKbzbiZrQAAAFM2wvx3YEe,http://ru.wikipedia.org/wiki/%D0%9F%D0%B0%D0%BF%D1%81%D0%BA%D0%B0%D1%8F_%D0%BE%D0%B1%D0%BB%D0%B0%D1%81%D1%82%D1%8C
JP8KbzbiE2MAAAFMNT7x3YBY,http://ru.wikipedia.org/wiki/%D0%90%D0%BD%D0%B3%D0%BE%D0%BB%D0%B0
uK8KbzbibkwAAAFMK_Dx3YBG,http://ru.wikipedia.org/wiki/%D0%93%D0%B5%D1%80%D0%BC%D0%B0%D0%BD%D1%81%D0%BA%D0%B0%D1%8F_%D0%94%D0%B5%D0%BC%D0%BE%D0%BA%D1%80%D0%B0%D1%82%D0%B8%D1%87%D0%B5%D1%81%D0%BA%D0%B0%D1%8F_%D0%A0%D0%B5%D1%81%D0%BF%D1%83%D0%B1%D0%BB%D0%B8%D0%BA%D0%B0
MgwKbzbiaisAAAFMw9Xx3YC1,http://ru.wikipedia.org/wiki/%D0%A2%D1%80%D0%B5%D1%82%D1%8C%D1%8F_%D1%84%D1%80%D0%B0%D0%BD%D1%86%D1%83%D0%B7%D1%81%D0%BA%D0%B0%D1%8F_%D1%80%D0%B5%D1%81%D0%BF%D1%83%D0%B1%D0%BB%D0%B8%D0%BA%D0%B0
F4cKbzbiFDoAAAFMENAfToNo,http://ru.wikipedia.org/wiki/%D0%9F%D0%B5%D1%80%D0%B2%D0%B0%D1%8F_%D0%A4%D1%80%D0%B0%D0%BD%D1%86%D1%83%D0%B7%D1%81%D0%BA%D0%B0%D1%8F_%D0%B8%D0%BC%D0%BF%D0%B5%D1%80%D0%B8%D1%8F
3fsKbzbi5V4AAAFMUWMfToPc,http://ru.wikipedia.org/wiki/%D0%9F%D0%B5%D1%80%D0%B2%D0%B0%D1%8F_%D1%84%D1%80%D0%B0%D0%BD%D1%86%D1%83%D0%B7%D1%81%D0%BA%D0%B0%D1%8F_%D1%80%D0%B5%D1%81%D0%BF%D1%83%D0%B1%D0%BB%D0%B8%D0%BA%D0%B0
KAAKbzbiiVoAAAFMQe8fToZh,http://ru.wikipedia.org/wiki/%D0%98%D1%8E%D0%BB%D1%8C%D1%81%D0%BA%D0%B0%D1%8F_%D0%BC%D0%BE%D0%BD%D0%B0%D1%80%D1%85%D0%B8%D1%8F
LLkKbzbiuNIAAAFMOcgfTotP,http://ru.wikipedia.org/wiki/%D0%A0%D0%B5%D1%81%D1%82%D0%B0%D0%B2%D1%80%D0%B0%D1%86%D0%B8%D1%8F_%D0%91%D1%83%D1%80%D0%B1%D0%BE%D0%BD%D0%BE%D0%B2
BLQKbzbitVwAAAFMRWwfToQ8,http://ru.wikipedia.org/wiki/%D0%92%D1%82%D0%BE%D1%80%D0%B0%D1%8F_%D1%84%D1%80%D0%B0%D0%BD%D1%86%D1%83%D0%B7%D1%81%D0%BA%D0%B0%D1%8F_%D1%80%D0%B5%D1%81%D0%BF%D1%83%D0%B1%D0%BB%D0%B8%D0%BA%D0%B0
aHMKbzbi0NUAAAFMbSgfToJB,http://ru.wikipedia.org/wiki/%D0%A0%D0%B5%D0%B6%D0%B8%D0%BC_%D0%92%D0%B8%D1%88%D0%B8
6AYKbzbi2Q0AAAFML6bx3YBh,http://ru.wikipedia.org/wiki/%D0%A7%D0%B5%D1%82%D0%B2%D1%91%D1%80%D1%82%D0%B0%D1%8F_%D1%84%D1%80%D0%B0%D0%BD%D1%86%D1%83%D0%B7%D1%81%D0%BA%D0%B0%D1%8F_%D1%80%D0%B5%D1%81%D0%BF%D1%83%D0%B1%D0%BB%D0%B8%D0%BA%D0%B0
28sKbzbib44AAAFMOuEfTpsT,http://ru.wikipedia.org/wiki/%D0%9F%D1%8F%D1%82%D0%B0%D1%8F_%D1%84%D1%80%D0%B0%D0%BD%D1%86%D1%83%D0%B7%D1%81%D0%BA%D0%B0%D1%8F_%D1%80%D0%B5%D1%81%D0%BF%D1%83%D0%B1%D0%BB%D0%B8%D0%BA%D0%B0
35MKbzbiM34AAAFMXlUfToMD,http://ru.wikipedia.org/wiki/%D0%93%D0%B5%D1%80%D0%BD%D1%81%D0%B8
phkKbzbi1OkAAAFM8sUfTomu,http://ru.wikipedia.org/wiki/%D0%98%D0%B5%D1%80%D1%83%D1%81%D0%B0%D0%BB%D0%B8%D0%BC%D1%81%D0%BA%D0%BE%D0%B5_%D0%BA%D0%BE%D1%80%D0%BE%D0%BB%D0%B5%D0%B2%D1%81%D1%82%D0%B2%D0%BE
CdsKbzbiCBkAAAFM3IIfToVn,http://ru.wikipedia.org/wiki/%D0%9A%D0%BE%D1%80%D0%BE%D0%BB%D0%B5%D0%B2%D1%81%D1%82%D0%B2%D0%BE_%D0%AE%D0%B3%D0%BE%D1%81%D0%BB%D0%B0%D0%B2%D0%B8%D1%8F
mIEKbzbi6Z0AAAFM82MfToHM,http://ru.wikipedia.org/wiki/%D0%91%D1%80%D0%B0%D0%B7%D0%B8%D0%BB%D1%8C%D1%81%D0%BA%D0%B0%D1%8F_%D0%B8%D0%BC%D0%BF%D0%B5%D1%80%D0%B8%D1%8F
oNkKbzbijG8AAAFMhKcfToVK,http://ru.wikipedia.org/wiki/%D0%98%D0%BE%D1%80%D0%B4%D0%B0%D0%BD%D0%B8%D1%8F
1J8KbzbibJwAAAFM7mYfToIr,http://ru.wikipedia.org/wiki/%D0%90%D1%84%D1%80%D0%B8%D0%BA%D0%B0%D0%BD%D1%81%D0%BA%D0%B8%D0%B9_%D1%81%D0%BE%D1%8E%D0%B7
QhYKbzbiAvQAAAFMeiUfTpVC,http://ru.wikipedia.org/wiki/%D0%98%D1%82%D0%B0%D0%BB%D1%8C%D1%8F%D0%BD%D1%81%D0%BA%D0%B0%D1%8F_%D0%BE%D0%BA%D0%BA%D1%83%D0%BF%D0%B0%D1%86%D0%B8%D1%8F_%D0%90%D0%BB%D0%B1%D0%B0%D0%BD%D0%B8%D0%B8
0k4KbzbiDosAAAFMhMYfToPp,http://ru.wikipedia.org/wiki/%D0%90%D0%BB%D0%B1%D0%B0%D0%BD%D0%B8%D1%8F
ac0Kbzbi8ycAAAFMDmDx3YCj,http://ru.wikipedia.org/wiki/%D0%91%D1%80%D0%B8%D1%82%D0%B0%D0%BD%D1%81%D0%BA%D0%B0%D1%8F_%D0%9E%D1%81%D1%82-%D0%98%D0%BD%D0%B4%D1%81%D0%BA%D0%B0%D1%8F_%D0%BA%D0%BE%D0%BC%D0%BF%D0%B0%D0%BD%D0%B8%D1%8F
UggKbzbiSPUAAAFMGd4fToJS,http://ru.wikipedia.org/wiki/%D0%A0%D0%B5%D1%81%D0%BF%D1%83%D0%B1%D0%BB%D0%B8%D0%BA%D0%B0_%D0%9A%D0%B8%D0%BF%D1%80
xiYKbzbiTQAAAAFM4lbx3YBD,http://ru.wikipedia.org/wiki/%D0%A6%D0%B0%D1%80%D1%81%D1%82%D0%B2%D0%BE_%D0%9F%D0%BE%D0%BB%D1%8C%D1%81%D0%BA%D0%BE%D0%B5
qaMKbzbiCYcAAAFMOhAfToPT,http://ru.wikipedia.org/wiki/%D0%94%D1%80%D0%B5%D0%B2%D0%BD%D1%8F%D1%8F_%D0%9C%D0%B0%D0%BA%D0%B5%D0%B4%D0%BE%D0%BD%D0%B8%D1%8F
VJMKbzbiBM0AAAFMb.NRkqYo,http://ru.wikipedia.org/wiki/%D0%93%D0%BE%D1%81%D1%83%D0%B4%D0%B0%D1%80%D1%81%D1%82%D0%B2%D0%BE_%D0%A1%D0%B5%D0%BB%D0%B5%D0%B2%D0%BA%D0%B8%D0%B4%D0%BE%D0%B2
OUgKbzbilvYAAAFM5AEfToKS,http://ru.wikipedia.org/wiki/%D0%93%D1%80%D0%B5%D0%BA%D0%BE-%D0%B1%D0%B0%D0%BA%D1%82%D1%80%D0%B8%D0%B9%D1%81%D0%BA%D0%BE%D0%B5_%D1%86%D0%B0%D1%80%D1%81%D1%82%D0%B2%D0%BE
FGgKbzbiwLoAAAFMb93x3YBE,http://ru.wikipedia.org/wiki/%D0%9F%D1%80%D1%83%D1%81%D1%81%D0%B8%D1%8F_(%D0%BA%D0%BE%D1%80%D0%BE%D0%BB%D0%B5%D0%B2%D1%81%D1%82%D0%B2%D0%BE)
9w8KbzbiSnIAAAFMSTQfToTT,http://ru.wikipedia.org/wiki/%D0%9A%D0%BE%D1%80%D0%BE%D0%BB%D0%B5%D0%B2%D1%81%D1%82%D0%B2%D0%BE_%D0%9F%D0%BE%D0%BB%D1%8C%D1%81%D0%BA%D0%BE%D0%B5_(1385%E2%80%941569)
i0kKbzbivPoAAAFMFy_x3YBF,http://ru.wikipedia.org/wiki/%D0%9F%D0%BE%D0%BB%D1%8C%D1%81%D0%BA%D0%B0%D1%8F_%D0%A0%D0%B5%D1%81%D0%BF%D1%83%D0%B1%D0%BB%D0%B8%D0%BA%D0%B0_(1918%E2%80%941939)
DfEKbzbi_w0AAAFMO9EfToMl,http://ru.wikipedia.org/wiki/%D0%93%D0%B0%D0%B1%D1%81%D0%B1%D1%83%D1%80%D0%B3%D1%81%D0%BA%D0%B0%D1%8F_%D0%BC%D0%BE%D0%BD%D0%B0%D1%80%D1%85%D0%B8%D1%8F
U0YKbzbiMWkAAAFMulHx3YA3,http://ru.wikipedia.org/wiki/%D0%A1%D0%B2%D1%8F%D1%89%D0%B5%D0%BD%D0%BD%D0%B0%D1%8F_%D0%A0%D0%B8%D0%BC%D1%81%D0%BA%D0%B0%D1%8F_%D0%B8%D0%BC%D0%BF%D0%B5%D1%80%D0%B8%D1%8F
2kIKbzbivJYAAAFM8Mvx3YA9,http://ru.wikipedia.org/wiki/%D0%9C%D0%B0%D0%BB%D1%8C%D0%B4%D0%B8%D0%B2%D1%8B
ZnYKbzbiU2kAAAFMbLcfTpIn,http://ru.wikipedia.org/wiki/%D0%9F%D0%B5%D1%80%D0%B2%D0%B0%D1%8F_%D0%90%D0%B2%D1%81%D1%82%D1%80%D0%B8%D0%B9%D1%81%D0%BA%D0%B0%D1%8F_%D0%A0%D0%B5%D1%81%D0%BF%D1%83%D0%B1%D0%BB%D0%B8%D0%BA%D0%B0
0uYKbzbilIUAAAFMgj7x3YCw,http://ru.wikipedia.org/wiki/%D0%91%D1%80%D0%B0%D0%BD%D0%B4%D0%B5%D0%BD%D0%B1%D1%83%D1%80%D0%B3-%D0%9F%D1%80%D1%83%D1%81%D1%81%D0%B8%D1%8F
_5kKbzbi1KMAAAFM8rXx3YBR,http://ru.wikipedia.org/wiki/%D0%A0%D0%B5%D1%87%D1%8C_%D0%9F%D0%BE%D1%81%D0%BF%D0%BE%D0%BB%D0%B8%D1%82%D0%B0%D1%8F
Mu4KbzbiwLQAAAFMCqjx3YBU,http://ru.wikipedia.org/wiki/%D0%92%D0%B5%D0%BB%D0%B8%D0%BA%D0%BE%D0%B5_%D0%BA%D0%BD%D1%8F%D0%B6%D0%B5%D1%81%D1%82%D0%B2%D0%BE_%D0%9B%D0%B8%D1%82%D0%BE%D0%B2%D1%81%D0%BA%D0%BE%D0%B5
d4oKbzbikwYAAAFM7aDx3YBI,http://ru.wikipedia.org/wiki/%D0%93%D0%B5%D1%80%D0%BC%D0%B0%D0%BD%D1%81%D0%BA%D0%B0%D1%8F_%D0%B8%D0%BC%D0%BF%D0%B5%D1%80%D0%B8%D1%8F
oqMKbzbidOwAAAFMcw4fToJz,http://ru.wikipedia.org/wiki/%D0%92%D0%B5%D0%B9%D0%BC%D0%B0%D1%80%D1%81%D0%BA%D0%B0%D1%8F_%D1%80%D0%B5%D1%81%D0%BF%D1%83%D0%B1%D0%BB%D0%B8%D0%BA%D0%B0
xuYKbzbi2jUAAAFM.MQfTol0,http://ru.wikipedia.org/wiki/%D0%A1%D0%B0%D0%BA%D1%81%D0%B5%D0%BD-%D0%9A%D0%BE%D0%B1%D1%83%D1%80%D0%B3-%D0%93%D0%BE%D1%82%D0%B0
aNIKbzbiFEcAAAFMoZkfToPR,http://ru.wikipedia.org/wiki/%D0%9F%D0%BE%D0%BB%D1%8C%D1%81%D0%BA%D0%B0%D1%8F_%D0%9D%D0%B0%D1%80%D0%BE%D0%B4%D0%BD%D0%B0%D1%8F_%D0%A0%D0%B5%D1%81%D0%BF%D1%83%D0%B1%D0%BB%D0%B8%D0%BA%D0%B0
UvIKbzbiL00AAAFMV47x3YDV,http://ru.wikipedia.org/wiki/%D0%92%D0%BE%D1%81%D1%82%D0%BE%D1%87%D0%BD%D1%8B%D0%B9_%D0%A2%D0%B8%D0%BC%D0%BE%D1%80
UvIKbzbiL00AAAFMV47x3YDV,http://ru.wikipedia.org/wiki/%D0%92%D0%BE%D1%81%D1%82%D0%BE%D1%87%D0%BD%D1%8B%D0%B9_%D0%A2%D0%B8%D0%BC%D0%BE%D1%80
3CgKbzbit2EAAAFMWZ_x3YDj,http://ru.wikipedia.org/wiki/%D0%92%D0%B5%D0%BB%D0%B8%D0%BA%D0%BE%D0%B5_%D0%B3%D0%B5%D1%80%D1%86%D0%BE%D0%B3%D1%81%D1%82%D0%B2%D0%BE_%D0%91%D0%B0%D0%B4%D0%B5%D0%BD
3CgKbzbit2EAAAFMWZ_x3YDj,http://ru.wikipedia.org/wiki/%D0%92%D0%B5%D0%BB%D0%B8%D0%BA%D0%BE%D0%B5_%D0%B3%D0%B5%D1%80%D1%86%D0%BE%D0%B3%D1%81%D1%82%D0%B2%D0%BE_%D0%91%D0%B0%D0%B4%D0%B5%D0%BD
wOgKbzbiaDkAAAFMG0sfTo6e,http://ru.wikipedia.org/wiki/%D0%9F%D0%BE%D1%80%D1%82%D1%83%D0%B3%D0%B0%D0%BB%D1%8C%D1%81%D0%BA%D0%B0%D1%8F_%D0%AE%D0%B3%D0%BE-%D0%97%D0%B0%D0%BF%D0%B0%D0%B4%D0%BD%D0%B0%D1%8F_%D0%90%D1%84%D1%80%D0%B8%D0%BA%D0%B0
pnsKbzbi_m8AAAFMIOwfTodb,http://ru.wikipedia.org/wiki/%D0%90%D0%BB%D1%8C-%D0%90%D0%BD%D0%B4%D0%B0%D0%BB%D1%83%D1%81
IxsKbzbiZA8AAAFMrLjx3YCY,http://ru.wikipedia.org/wiki/%D0%90%D0%B2%D1%81%D1%82%D1%80%D0%B8%D1%8F
l6MKbzbiAB8AAAFMRu4fToJy,http://ru.wikipedia.org/wiki/%D0%9E%D0%BA%D0%BA%D1%83%D0%BF%D0%B0%D1%86%D0%B8%D1%8F_%D0%90%D0%B2%D1%81%D1%82%D1%80%D0%B8%D0%B8_%D0%B2%D0%BE%D0%B9%D1%81%D0%BA%D0%B0%D0%BC%D0%B8_%D1%81%D0%BE%D1%8E%D0%B7%D0%BD%D0%B8%D0%BA%D0%BE%D0%B2
kBEKbzbiKxAAAAFMv2wfToRB,http://ru.wikipedia.org/wiki/%D0%9A%D0%B0%D0%B1%D0%BE-%D0%92%D0%B5%D1%80%D0%B4%D0%B5
kBEKbzbiKxAAAAFMv2wfToRB,http://ru.wikipedia.org/wiki/%D0%9A%D0%B0%D0%B1%D0%BE-%D0%92%D0%B5%D1%80%D0%B4%D0%B5
y_gKbzbi_ScAAAFM8mHx3YCU,http://ru.wikipedia.org/wiki/%D0%98%D0%B7%D1%80%D0%B0%D0%B8%D0%BB%D1%8C
fAEKbzbixMoAAAFMswUfToOf,http://ru.wikipedia.org/wiki/%D0%9B%D0%B0%D1%82%D0%B2%D0%B8%D1%8F
fAEKbzbixMoAAAFMswUfToOf,http://ru.wikipedia.org/wiki/%D0%9B%D0%B0%D1%82%D0%B2%D0%B8%D1%8F
Pw0KbzbibYgAAAFMLW4fToJ9,http://ru.wikipedia.org/wiki/%D0%A2%D1%80%D0%B8%D1%81%D1%82%D0%B0%D0%BD-%D0%B4%D0%B0-%D0%9A%D1%83%D0%BD%D1%8C%D1%8F_(%D0%BE%D1%81%D1%82%D1%80%D0%BE%D0%B2%D0%B0)
BRoKbzbi6RoAAAFMSVjx3YFV,http://ru.wikipedia.org/wiki/%D0%9A%D0%B0%D0%BD%D0%B0%D0%B4%D0%B0
GJgKbzbizIwAAAFMGLgfToHi,http://ru.wikipedia.org/wiki/%D0%94%D1%80%D0%B5%D0%B2%D0%BD%D1%8F%D1%8F_%D0%93%D1%80%D0%B5%D1%86%D0%B8%D1%8F
IFIKbzbiYUwAAAFM88Lx3YBG,http://ru.wikipedia.org/wiki/%D0%97%D0%B5%D0%BD%D0%B4%D1%8B
.TIKbzbiCcIAAAFM1MgfToQn,http://ru.wikipedia.org/wiki/%D0%98%D1%80%D0%B0%D0%BD
wLYKbzbiDJIAAAFMTTTx3YC2,http://ru.wikipedia.org/wiki/%D0%98%D0%BC%D0%BF%D0%B5%D1%80%D0%B8%D1%8F_%D0%A1%D0%B0%D1%81%D0%B0%D0%BD%D0%B8%D0%B4%D0%BE%D0%B2
t3AKbzbief8AAAFM.sEfToQ5,http://ru.wikipedia.org/wiki/%D0%A1%D0%BE%D0%B5%D0%B4%D0%B8%D0%BD%D1%91%D0%BD%D0%BD%D1%8B%D0%B5_%D0%A8%D1%82%D0%B0%D1%82%D1%8B_%D0%90%D0%BC%D0%B5%D1%80%D0%B8%D0%BA%D0%B8
htEKbzbiYzIAAAFMkT0fTorH,http://ru.wikipedia.org/wiki/%D0%92%D0%B8%D1%80%D0%B3%D0%B8%D0%BD%D1%81%D0%BA%D0%B8%D0%B5_%D0%BE%D1%81%D1%82%D1%80%D0%BE%D0%B2%D0%B0
sdkKbzbiHhcAAAFMpYIfToJL,http://ru.wikipedia.org/wiki/%D0%9F%D0%BE%D0%BB%D1%8C%D1%88%D0%B0
7KUKbzbi9UkAAAFMJ9vx3YGB,http://ru.wikipedia.org/wiki/%D0%9C%D0%B5%D0%BA%D1%81%D0%B8%D0%BA%D0%B0
pgUKbzbiAhgAAAFPdl4InBjK,http://ru.wikipedia.org/wiki/%D0%93%D0%B5%D0%BD%D0%B5%D1%80%D0%B0%D0%BB-%D0%BA%D0%B0%D0%BF%D0%B8%D1%82%D0%B0%D0%BD%D1%81%D1%82%D0%B2%D0%BE_%D0%93%D0%B2%D0%B0%D1%82%D0%B5%D0%BC%D0%B0%D0%BB%D0%B0
nqQKbzbikdMAAAFMK5gfToGj,http://ru.wikipedia.org/wiki/%D0%9F%D0%B5%D1%80%D0%B0%D0%BA
t_0KbzbiytEAAAFM4gwfToaj,http://ru.wikipedia.org/wiki/%D0%9A%D0%B5%D0%B4%D0%B0%D1%85
TgsKbzbiRUcAAAFMxlQfTogv,http://ru.wikipedia.org/wiki/%D0%9A%D0%B5%D0%BB%D0%B0%D0%BD%D1%82%D0%B0%D0%BD
1o8KbzbisBAAAAFMzFQfTod0,http://ru.wikipedia.org/wiki/%D0%93%D1%80%D0%B5%D0%BD%D0%B0%D0%B4%D0%B0
1o8KbzbisBAAAAFMzFQfTod0,http://ru.wikipedia.org/wiki/%D0%93%D1%80%D0%B5%D0%BD%D0%B0%D0%B4%D0%B0
0G0KbzbiIhYAAAFMBAzx3YDa,http://ru.wikipedia.org/wiki/%D0%9A%D0%BE%D1%80%D0%BE%D0%BB%D0%B5%D0%B2%D1%81%D1%82%D0%B2%D0%BE_%D0%93%D1%80%D0%B5%D1%86%D0%B8%D1%8F
0G0KbzbiIhYAAAFMBAzx3YDa,http://ru.wikipedia.org/wiki/%D0%9A%D0%BE%D1%80%D0%BE%D0%BB%D0%B5%D0%B2%D1%81%D1%82%D0%B2%D0%BE_%D0%93%D1%80%D0%B5%D1%86%D0%B8%D1%8F
0G0KbzbiIhYAAAFMBAzx3YDa,http://ru.wikipedia.org/wiki/%D0%9A%D0%BE%D1%80%D0%BE%D0%BB%D0%B5%D0%B2%D1%81%D1%82%D0%B2%D0%BE_%D0%93%D1%80%D0%B5%D1%86%D0%B8%D1%8F
NloKbzbiqDAAAAFMaBIfToKh,http://ru.wikipedia.org/wiki/%D0%93%D1%80%D0%B5%D1%86%D0%B8%D1%8F
AL4Kbzbi_qMAAAFMF8vx3YDG,http://ru.wikipedia.org/wiki/%D0%92%D1%82%D0%BE%D1%80%D0%B0%D1%8F_%D0%93%D1%80%D0%B5%D1%87%D0%B5%D1%81%D0%BA%D0%B0%D1%8F_%D0%A0%D0%B5%D1%81%D0%BF%D1%83%D0%B1%D0%BB%D0%B8%D0%BA%D0%B0
DS0KbzbixZoAAAFMLS0fTo.d,http://ru.wikipedia.org/wiki/%D0%9C%D0%B0%D0%BB%D1%8C%D1%82%D0%B8%D0%B9%D1%81%D0%BA%D0%B8%D0%B9_%D0%BE%D1%80%D0%B4%D0%B5%D0%BD
lIAKbzbipAUAAAFMHvMfToSu,http://ru.wikipedia.org/wiki/%D0%91%D0%B5%D0%BB%D0%B8%D0%B7
B4MKbzbiXOAAAAFMQ00fToMf,http://ru.wikipedia.org/wiki/%D0%91%D1%80%D0%B8%D1%82%D0%B0%D0%BD%D1%81%D0%BA%D0%B8%D0%B9_%D0%93%D0%BE%D0%BD%D0%B4%D1%83%D1%80%D0%B0%D1%81
3FsKbzbiMdoAAAFMGiHx3YD7,http://ru.wikipedia.org/wiki/%D0%9A%D0%BE%D1%80%D0%BE%D0%BB%D0%B5%D0%B2%D1%81%D1%82%D0%B2%D0%BE_%D0%9F%D0%BE%D1%80%D1%82%D1%83%D0%B3%D0%B0%D0%BB%D0%B8%D1%8F
H4oKbzbiqrAAAAFMiRvx3YBw,http://ru.wikipedia.org/wiki/%D0%A4%D0%B8%D0%BD%D0%BB%D1%8F%D0%BD%D0%B4%D0%B8%D1%8F
H4oKbzbiqrAAAAFMiRvx3YBw,http://ru.wikipedia.org/wiki/%D0%A4%D0%B8%D0%BD%D0%BB%D1%8F%D0%BD%D0%B4%D0%B8%D1%8F
N24KbzbiE_8AAAFMWFsfTota,http://ru.wikipedia.org/wiki/%D0%93%D0%B2%D0%B8%D0%BD%D0%B5%D1%8F_%D0%AD%D0%BA%D0%B2%D0%B0%D1%82%D0%BE%D1%80%D0%B8%D0%B0%D0%BB%D1%8C%D0%BD%D0%B0%D1%8F
mVcKbzbieBQAAAFM3KofTp8D,http://ru.wikipedia.org/wiki/%D0%93%D0%BE%D0%BB%D0%BB%D0%B0%D0%BD%D0%B4%D1%81%D0%BA%D0%B0%D1%8F_%D0%9E%D1%81%D1%82-%D0%98%D0%BD%D0%B4%D0%B8%D1%8F
VRUKX9ISjasAAAFT.9q44c0T,http://ru.wikipedia.org/wiki/%D0%93%D0%BE%D0%BB%D0%BB%D0%B0%D0%BD%D0%B4%D1%81%D0%BA%D0%B0%D1%8F_%D0%9E%D1%81%D1%82-%D0%98%D0%BD%D0%B4%D0%B8%D1%8F
rrQKbzbi1K0AAAFMEgwfToQj,http://ru.wikipedia.org/wiki/%D0%93%D0%BE%D0%BB%D0%BB%D0%B0%D0%BD%D0%B4%D1%81%D0%BA%D0%B0%D1%8F_%D0%9E%D1%81%D1%82-%D0%98%D0%BD%D0%B4%D1%81%D0%BA%D0%B0%D1%8F_%D0%BA%D0%BE%D0%BC%D0%BF%D0%B0%D0%BD%D0%B8%D1%8F
MqQKbzbiLBUAAAFMV9cfToJl,http://ru.wikipedia.org/wiki/%D0%90%D1%84%D0%B3%D0%B0%D0%BD%D0%B8%D1%81%D1%82%D0%B0%D0%BD
nYUKbzbihqoAAAFMI6bx3YCi,http://ru.wikipedia.org/wiki/%D0%AD%D0%BC%D0%B8%D1%80%D0%B0%D1%82_%D0%90%D1%84%D0%B3%D0%B0%D0%BD%D0%B8%D1%81%D1%82%D0%B0%D0%BD
sdkKbzbiHhcAAAFMpYIfToJL,http://ru.wikipedia.org/wiki/%D0%9F%D0%BE%D0%BB%D1%8C%D1%88%D0%B0
KQkKbzbijoEAAAFMoikfToLV,http://ru.wikipedia.org/wiki/%D0%9D%D0%B8%D0%B4%D0%B5%D1%80%D0%BB%D0%B0%D0%BD%D0%B4%D1%81%D0%BA%D0%B8%D0%B5_%D0%90%D0%BD%D1%82%D0%B8%D0%BB%D1%8C%D1%81%D0%BA%D0%B8%D0%B5_%D0%BE%D1%81%D1%82%D1%80%D0%BE%D0%B2%D0%B0
5xwKbzbi3TIAAAFM7igfToQU,http://ru.wikipedia.org/wiki/%D0%9F%D0%B5%D1%80%D0%B2%D0%B0%D1%8F_%D0%9F%D0%BE%D1%80%D1%82%D1%83%D0%B3%D0%B0%D0%BB%D1%8C%D1%81%D0%BA%D0%B0%D1%8F_%D1%80%D0%B5%D1%81%D0%BF%D1%83%D0%B1%D0%BB%D0%B8%D0%BA%D0%B0
lWIKbzbi5s4AAAFM_gLx3YD1,http://ru.wikipedia.org/wiki/%D0%9F%D0%BE%D1%80%D1%82%D1%83%D0%B3%D0%B0%D0%BB%D0%B8%D1%8F
wHwKbzbiJ1EAAAFMw2Xx3YFJ,http://ru.wikipedia.org/wiki/%D0%9D%D0%BE%D0%B2%D0%BE%D0%B5_%D0%B3%D0%BE%D1%81%D1%83%D0%B4%D0%B0%D1%80%D1%81%D1%82%D0%B2%D0%BE_(%D0%9F%D0%BE%D1%80%D1%82%D1%83%D0%B3%D0%B0%D0%BB%D0%B8%D1%8F)
XE0KbzbiOAMAAAFMyJIfToJS,http://ru.wikipedia.org/wiki/%D0%A0%D0%BE%D1%81%D1%81%D0%B8%D1%8F
XE0KbzbiOAMAAAFMyJIfToJS,http://ru.wikipedia.org/wiki/%D0%A0%D0%BE%D1%81%D1%81%D0%B8%D1%8F
qe8KbzbimH4AAAFMqC0fTobA,http://ru.wikipedia.org/wiki/%D0%9A%D0%BE%D0%BB%D0%BE%D0%BD%D0%B8%D0%B8_%D0%9F%D0%BE%D1%80%D1%82%D1%83%D0%B3%D0%B0%D0%BB%D0%B8%D0%B8
rOwKbzbi2ssAAAFMeOEfToOi,http://ru.wikipedia.org/wiki/%D0%9F%D0%B5%D1%80%D0%B2%D0%B0%D1%8F_%D0%98%D1%81%D0%BF%D0%B0%D0%BD%D1%81%D0%BA%D0%B0%D1%8F_%D0%A0%D0%B5%D1%81%D0%BF%D1%83%D0%B1%D0%BB%D0%B8%D0%BA%D0%B0
_KAKbzbi6l0AAAFMOVsfToPJ,http://ru.wikipedia.org/wiki/%D0%92%D1%82%D0%BE%D1%80%D0%B0%D1%8F_%D0%98%D1%81%D0%BF%D0%B0%D0%BD%D1%81%D0%BA%D0%B0%D1%8F_%D0%A0%D0%B5%D1%81%D0%BF%D1%83%D0%B1%D0%BB%D0%B8%D0%BA%D0%B0
RIkKbzbi10wAAAFM0WHx3YBU,http://ru.wikipedia.org/wiki/%D0%A4%D1%80%D0%B0%D0%BD%D0%BA%D0%B8%D1%81%D1%82%D1%81%D0%BA%D0%B0%D1%8F_%D0%98%D1%81%D0%BF%D0%B0%D0%BD%D0%B8%D1%8F
.KcKbzbi5wMAAAFMWmMfToZu,http://ru.wikipedia.org/wiki/%D0%98%D1%81%D0%BF%D0%B0%D0%BD%D0%B8%D1%8F
.KcKbzbi5wMAAAFMWmMfToZu,http://ru.wikipedia.org/wiki/%D0%98%D1%81%D0%BF%D0%B0%D0%BD%D0%B8%D1%8F
1TgKbzbifDcAAAFMuyQfToQ1,http://ru.wikipedia.org/wiki/%D0%93%D0%B0%D0%B1%D1%81%D0%B1%D1%83%D1%80%D0%B3%D1%81%D0%BA%D0%B0%D1%8F_%D0%98%D1%81%D0%BF%D0%B0%D0%BD%D0%B8%D1%8F
zrgKbzbifowAAAFM4ZAfToPp,http://ru.wikipedia.org/wiki/%D0%98%D1%81%D0%BF%D0%B0%D0%BD%D1%81%D0%BA%D0%B0%D1%8F_%D0%B8%D0%BC%D0%BF%D0%B5%D1%80%D0%B8%D1%8F
uPcKbzbiiwMAAAFM.gtRkrCr,http://ru.wikipedia.org/wiki/%D0%92%D1%82%D0%BE%D1%80%D0%B0%D1%8F_%D0%9C%D0%B5%D0%BA%D1%81%D0%B8%D0%BA%D0%B0%D0%BD%D1%81%D0%BA%D0%B0%D1%8F_%D0%B8%D0%BC%D0%BF%D0%B5%D1%80%D0%B8%D1%8F
7KUKbzbi9UkAAAFMJ9vx3YGB,http://ru.wikipedia.org/wiki/%D0%9C%D0%B5%D0%BA%D1%81%D0%B8%D0%BA%D0%B0
ixUKbzbi7mIAAAFM28wfTosf,http://ru.wikipedia.org/wiki/%D0%9F%D0%B5%D1%80%D0%B2%D0%B0%D1%8F_%D0%9C%D0%B5%D0%BA%D1%81%D0%B8%D0%BA%D0%B0%D0%BD%D1%81%D0%BA%D0%B0%D1%8F_%D0%B8%D0%BC%D0%BF%D0%B5%D1%80%D0%B8%D1%8F
9oYKbzbiv7UAAAFM79kfToMV,http://ru.wikipedia.org/wiki/%D0%9D%D0%BE%D0%B2%D0%B0%D1%8F_%D0%98%D1%81%D0%BF%D0%B0%D0%BD%D0%B8%D1%8F
RiAKbzbiYCUAAAFMUP8fTpDN,http://ru.wikipedia.org/wiki/%D0%92%D0%B5%D0%BB%D0%B8%D0%BA%D0%B0%D1%8F_%D0%9A%D0%BE%D0%BB%D1%83%D0%BC%D0%B1%D0%B8%D1%8F
GDQKbzbi7KMAAAFMLN8fTooY,http://ru.wikipedia.org/wiki/%D0%A0%D0%B5%D1%81%D0%BF%D1%83%D0%B1%D0%BB%D0%B8%D0%BA%D0%B0_%D0%9D%D0%BE%D0%B2%D0%B0%D1%8F_%D0%93%D1%80%D0%B0%D0%BD%D0%B0%D0%B4%D0%B0
gqcKbzbi404AAAFMAh8fToGl,http://ru.wikipedia.org/wiki/%D0%93%D1%80%D0%B0%D0%BD%D0%B0%D0%B4%D1%81%D0%BA%D0%B0%D1%8F_%D0%BA%D0%BE%D0%BD%D1%84%D0%B5%D0%B4%D0%B5%D1%80%D0%B0%D1%86%D0%B8%D1%8F
rXYKbzbiRWoAAAFM3YQfTphv,http://ru.wikipedia.org/wiki/%D0%A1%D0%BE%D0%B5%D0%B4%D0%B8%D0%BD%D1%91%D0%BD%D0%BD%D1%8B%D0%B5_%D0%A8%D1%82%D0%B0%D1%82%D1%8B_%D0%9A%D0%BE%D0%BB%D1%83%D0%BC%D0%B1%D0%B8%D0%B8
rb4KbzbiLF8AAAFMLmXx3YDU,http://ru.wikipedia.org/wiki/%D0%9A%D0%BE%D0%BB%D1%83%D0%BC%D0%B1%D0%B8%D1%8F
dEoKbzbiFcYAAAFMsAEfTp4l,http://ru.wikipedia.org/wiki/%D0%9D%D0%BE%D0%B2%D0%B0%D1%8F_%D0%93%D1%80%D0%B0%D0%BD%D0%B0%D0%B4%D0%B0
rb4KbzbiLF8AAAFMLmXx3YDU,http://ru.wikipedia.org/wiki/%D0%9A%D0%BE%D0%BB%D1%83%D0%BC%D0%B1%D0%B8%D1%8F
UMQKbzbiiRYAAAFMJWTx3YFS,http://ru.wikipedia.org/wiki/%D0%92%D0%B0%D1%82%D0%B8%D0%BA%D0%B0%D0%BD
EcwKbzbiQwsAAAFM9cQfTobo,http://ru.wikipedia.org/wiki/%D0%98%D1%82%D0%B0%D0%BB%D0%B8%D1%8F
bdAKbzbiBh8AAAFM5qgfTpxu,http://ru.wikipedia.org/wiki/%D0%A8%D0%B2%D0%B0%D1%80%D1%86%D0%B1%D1%83%D1%80%D0%B3-%D0%97%D0%BE%D0%BD%D0%B4%D0%B5%D1%80%D1%81%D0%B3%D0%B0%D1%83%D0%B7%D0%B5%D0%BD
X4MKbzbidiwAAAFM6CgfToO1,http://ru.wikipedia.org/wiki/%D0%9F%D0%B0%D0%BD%D0%B0%D0%BC%D0%B0
AYYKbzbiMAUAAAFMgGPx3YBN,http://ru.wikipedia.org/wiki/%D0%93%D0%B5%D1%80%D0%BC%D0%B0%D0%BD%D0%B8%D1%8F
86wKbzbiHMsAAAFMlbLx3YFe,http://ru.wikipedia.org/wiki/%D0%93%D0%B5%D1%80%D0%BC%D0%B0%D0%BD%D1%81%D0%BA%D0%B8%D0%B9_%D1%81%D0%BE%D1%8E%D0%B7
mXkKbzbie0wAAAFMTcUfToTB,http://ru.wikipedia.org/wiki/%D0%A1%D0%B5%D0%B2%D0%B5%D1%80%D0%BE%D0%B3%D0%B5%D1%80%D0%BC%D0%B0%D0%BD%D1%81%D0%BA%D0%B8%D0%B9_%D1%81%D0%BE%D1%8E%D0%B7
rCUKbzbimIMAAAFM9VXx3YBI,http://ru.wikipedia.org/wiki/%D0%A0%D0%B5%D0%B9%D0%BD%D1%81%D0%BA%D0%B8%D0%B9_%D1%81%D0%BE%D1%8E%D0%B7
cSUKbzbiMjUAAAFM_wYfTo5E,http://ru.wikipedia.org/wiki/%D0%90%D0%BD%D1%85%D0%B0%D0%BB%D1%8C%D1%82
EmoKbzbi2swAAAFMpwHx3YEm,http://ru.wikipedia.org/wiki/%D0%90%D0%BD%D0%B3%D0%B0%D0%BB%D1%8C%D1%82-%D0%94%D0%B5%D1%81%D1%81%D0%B0%D1%83
8yoKbzbi6DsAAAFMlh8fToZK,http://ru.wikipedia.org/wiki/%D0%90%D0%BD%D0%B3%D0%B0%D0%BB%D1%8C%D1%82-%D0%A6%D0%B5%D1%80%D0%B1%D1%81%D1%82_(%D0%BA%D0%BD%D1%8F%D0%B6%D0%B5%D1%81%D1%82%D0%B2%D0%BE)
0WEKbzbiU0IAAAFMwE8fToTI,http://ru.wikipedia.org/wiki/%D0%90%D0%BD%D0%B3%D0%B0%D0%BB%D1%8C%D1%82-%D0%91%D0%B5%D1%80%D0%BD%D0%B1%D1%83%D1%80%D0%B3
3qIKbzbi0aMAAAFMPV8fToXF,http://ru.wikipedia.org/wiki/%D0%90%D0%BB%D1%8C%D1%82%D0%B5%D0%BD%D0%B0
Uq8KbzbiXxYAAAFMgNgfToUz,http://ru.wikipedia.org/wiki/%D0%AD%D0%BB%D1%8C%D0%B7%D0%B0%D1%81
KBUKbzbi_XgAAAFMmjofToG_,http://ru.wikipedia.org/wiki/%D0%90%D1%83%D0%B3%D1%81%D0%B1%D1%83%D1%80%D0%B3
SfEKbzbizL8AAAFMn68fTovA,http://ru.wikipedia.org/wiki/%D0%90%D1%80%D0%B5%D0%BD%D0%B1%D0%B5%D1%80%D0%B3_(%D0%B3%D0%B5%D1%80%D1%86%D0%BE%D0%B3%D1%81%D1%82%D0%B2%D0%BE)
O0YKbzbi2VoAAAFM4o3x3YEH,http://ru.wikipedia.org/wiki/%D0%91%D0%B0%D0%B4%D0%B5%D0%BD_(%D0%BC%D0%B0%D1%80%D0%BA%D0%B3%D1%80%D0%B0%D1%84%D1%81%D1%82%D0%B2%D0%BE)
QQQKbzbirCwAAAFMCgnx3YB9,http://ru.wikipedia.org/wiki/%D0%90%D0%BD%D0%B3%D0%B0%D0%BB%D1%8C%D1%82-%D0%9A%D1%91%D1%82%D0%B5%D0%BD
EmoKbzbi2swAAAFMpwHx3YEm,http://ru.wikipedia.org/wiki/%D0%90%D0%BD%D0%B3%D0%B0%D0%BB%D1%8C%D1%82-%D0%94%D0%B5%D1%81%D1%81%D0%B0%D1%83
cKUKbzbissAAAAFMkxofToeH,http://ru.wikipedia.org/wiki/%D0%90%D0%BD%D0%BA%D0%BB%D0%B0%D0%BC
cKUKbzbissAAAAFMkxofToeH,http://ru.wikipedia.org/wiki/%D0%90%D0%BD%D0%BA%D0%BB%D0%B0%D0%BC
kGEKbzbi45cAAAFMTuNRkqzu,http://ru.wikipedia.org/wiki/%D0%91%D0%B0%D0%B4%D0%B5%D0%BD_(%D0%BA%D1%83%D1%80%D1%84%D1%8E%D1%80%D1%88%D0%B5%D1%81%D1%82%D0%B2%D0%BE)
kGEKbzbi45cAAAFMTuNRkqzu,http://ru.wikipedia.org/wiki/%D0%91%D0%B0%D0%B4%D0%B5%D0%BD_(%D0%BA%D1%83%D1%80%D1%84%D1%8E%D1%80%D1%88%D0%B5%D1%81%D1%82%D0%B2%D0%BE)
stsKbzbiyxEAAAFMJ9EfTopB,http://ru.wikipedia.org/wiki/%D0%91%D0%B0%D0%B4%D0%B5%D0%BD-%D0%94%D1%83%D1%80%D0%BB%D0%B0%D1%85
stsKbzbiyxEAAAFMJ9EfTopB,http://ru.wikipedia.org/wiki/%D0%91%D0%B0%D0%B4%D0%B5%D0%BD-%D0%94%D1%83%D1%80%D0%BB%D0%B0%D1%85
CpYKbzbiPHwAAAFM2iYfToJm,http://ru.wikipedia.org/wiki/%D0%91%D0%B0%D0%B2%D0%B0%D1%80%D0%B8%D1%8F_(%D0%B3%D0%B5%D1%80%D1%86%D0%BE%D0%B3%D1%81%D1%82%D0%B2%D0%BE)
1W0KbzbiSyUAAAFMIu8fTorr,http://ru.wikipedia.org/wiki/%D0%91%D0%B0%D0%B2%D0%B0%D1%80%D0%B8%D1%8F_(%D0%BA%D1%83%D1%80%D1%84%D1%8E%D1%80%D1%88%D0%B5%D1%81%D1%82%D0%B2%D0%BE)
Az4KbzbiW4UAAAFMgyUfToKJ,http://ru.wikipedia.org/wiki/%D0%9A%D0%BE%D1%80%D0%BE%D0%BB%D0%B5%D0%B2%D1%81%D1%82%D0%B2%D0%BE_%D0%91%D0%B0%D0%B2%D0%B0%D1%80%D0%B8%D1%8F
tG8KbzbiLO0AAAFM80Px3YEZ,http://ru.wikipedia.org/wiki/%D0%90%D0%BD%D1%81%D0%B1%D0%B0%D1%85_(%D0%BA%D0%BD%D1%8F%D0%B6%D0%B5%D1%81%D1%82%D0%B2%D0%BE)
UEcKbzbiI34AAAFMI8EfTorP,http://ru.wikipedia.org/wiki/Австралия
CfMKbzbi02MAAAFMZJPx3YFT,http://ru.wikipedia.org/wiki/%D0%90%D0%B2%D1%81%D1%82%D1%80%D0%B0%D0%BB%D0%B8%D1%8F
d9AKbzbiXKgAAAFMMuIfTonU,http://ru.wikipedia.org/wiki/%D0%A2%D1%80%D0%B0%D0%BD%D1%81%D0%B8%D0%BB%D1%8C%D0%B2%D0%B0%D0%BD%D0%B8%D1%8F_(%D0%BA%D0%BD%D1%8F%D0%B6%D0%B5%D1%81%D1%82%D0%B2%D0%BE)
BdYKbzbizdUAAAFMOpkfToJW,http://ru.wikipedia.org/wiki/%D0%A1%D0%BE%D0%B5%D0%B4%D0%B8%D0%BD%D1%91%D0%BD%D0%BD%D1%8B%D0%B5_%D0%BF%D1%80%D0%BE%D0%B2%D0%B8%D0%BD%D1%86%D0%B8%D0%B8_%D0%AE%D0%B6%D0%BD%D0%BE%D0%B9_%D0%90%D0%BC%D0%B5%D1%80%D0%B8%D0%BA%D0%B8
vrgKbzbi4ZYAAAFMc_sfTowR,http://ru.wikipedia.org/wiki/%D0%90%D1%80%D0%B3%D0%B5%D0%BD%D1%82%D0%B8%D0%BD%D1%81%D0%BA%D0%B0%D1%8F_%D0%BA%D0%BE%D0%BD%D1%84%D0%B5%D0%B4%D0%B5%D1%80%D0%B0%D1%86%D0%B8%D1%8F
HVIKbzbiMmcAAAFMoKQfToWA,http://ru.wikipedia.org/wiki/%D0%A0%D0%B8%D0%BE-%D0%B4%D0%B5-%D0%BB%D0%B0-%D0%9F%D0%BB%D0%B0%D1%82%D0%B0_(%D0%B2%D0%B8%D1%86%D0%B5-%D0%BA%D0%BE%D1%80%D0%BE%D0%BB%D0%B5%D0%B2%D1%81%D1%82%D0%B2%D0%BE)
P.UKbzbiYLkAAAFMOkQfTp0E,http://ru.wikipedia.org/wiki/%D0%92%D0%B8%D1%86%D0%B5-%D0%BA%D0%BE%D1%80%D0%BE%D0%BB%D0%B5%D0%B2%D1%81%D1%82%D0%B2%D0%BE_%D0%9F%D0%B5%D1%80%D1%83
PooKbzbitdEAAAFMgDUfTpxY,http://ru.wikipedia.org/wiki/%D0%9F%D0%B5%D1%80%D1%83
Kl8KbzbioQsAAAFMNngfTpCR,http://ru.wikipedia.org/wiki/%D0%A7%D0%B8%D0%BB%D0%B8
fjgKbzbixHUAAAFM6yofToG6,http://ru.wikipedia.org/wiki/%D0%90%D1%80%D0%B3%D0%B5%D0%BD%D1%82%D0%B8%D0%BD%D0%B0
fjgKbzbixHUAAAFM6yofToG6,http://ru.wikipedia.org/wiki/%D0%90%D1%80%D0%B3%D0%B5%D0%BD%D1%82%D0%B8%D0%BD%D0%B0
vJ8KbzbiVx0AAAFMTuHx3YDA,http://ru.wikipedia.org/wiki/%D0%9F%D0%B0%D1%80%D0%B0%D0%B3%D0%B2%D0%B0%D0%B9
zCIKbzbiGPUAAAFMnk4fToQh,http://ru.wikipedia.org/wiki/%D0%91%D0%BE%D0%BB%D0%B8%D0%B2%D0%B8%D1%8F
zCIKbzbiGPUAAAFMnk4fToQh,http://ru.wikipedia.org/wiki/%D0%91%D0%BE%D0%BB%D0%B8%D0%B2%D0%B8%D1%8F
xzMKbzbiqFAAAAFMkn8fTpsY,http://ru.wikipedia.org/wiki/%D0%91%D1%80%D0%B0%D0%B7%D0%B8%D0%BB%D1%8C%D1%81%D0%BA%D0%B0%D1%8F_%D1%81%D1%82%D0%B0%D1%80%D0%B0%D1%8F_%D1%80%D0%B5%D1%81%D0%BF%D1%83%D0%B1%D0%BB%D0%B8%D0%BA%D0%B0
goMKbzbiDeMAAAFMEbVY_tRP,http://ru.wikipedia.org/wiki/%D0%AD%D1%80%D0%B0_%D0%92%D0%B0%D1%80%D0%B3%D0%B0%D1%81%D0%B0
fe4KbzbiLwYAAAFM2tAfTpsZ,http://ru.wikipedia.org/wiki/%D0%92%D1%82%D0%BE%D1%80%D0%B0%D1%8F_%D0%B1%D1%80%D0%B0%D0%B7%D0%B8%D0%BB%D1%8C%D1%81%D0%BA%D0%B0%D1%8F_%D1%80%D0%B5%D1%81%D0%BF%D1%83%D0%B1%D0%BB%D0%B8%D0%BA%D0%B0
iO8KbzbiDVEAAAFMm44fTovC,http://ru.wikipedia.org/wiki/%D0%A0%D0%B8%D0%BC%D1%81%D0%BA%D0%B8%D0%B9_%D0%95%D0%B3%D0%B8%D0%BF%D0%B5%D1%82
_m8KbzbiVLEAAAFM5tEfTooS,http://ru.wikipedia.org/wiki/%D0%AD%D0%BB%D0%BB%D0%B8%D0%BD%D0%B8%D1%81%D1%82%D0%B8%D1%87%D0%B5%D1%81%D0%BA%D0%B8%D0%B9_%D0%95%D0%B3%D0%B8%D0%BF%D0%B5%D1%82
_LkKbzbiYskAAAFM0CwfTpy1,http://ru.wikipedia.org/wiki/%D0%9D%D1%8C%D1%8E%D1%84%D0%B0%D1%83%D0%BD%D0%B4%D0%BB%D0%B5%D0%BD%D0%B4_%D0%B8_%D0%9B%D0%B0%D0%B1%D1%80%D0%B0%D0%B4%D0%BE%D1%80
EBIKbzbiGUQAAAFMARxRkqHe,http://ru.wikipedia.org/wiki/%D0%90%D0%BB%D0%B1%D0%B0%D0%BD%D1%81%D0%BA%D0%B0%D1%8F_%D1%80%D0%B5%D1%81%D0%BF%D1%83%D0%B1%D0%BB%D0%B8%D0%BA%D0%B0
nEQKbzbiLhIAAAFM7y8fToq4,http://ru.wikipedia.org/wiki/%D0%91%D0%B5%D0%BB%D1%8C%D0%B3%D0%B8%D0%B9%D1%81%D0%BA%D0%BE%D0%B5_%D0%9A%D0%BE%D0%BD%D0%B3%D0%BE
DtQKbzbizOMAAAFMeVYfToi3,http://ru.wikipedia.org/wiki/%D0%91%D0%BE%D0%BB%D0%B3%D0%B0%D1%80%D0%B8%D1%8F
GBkKbzbiZVcAAAFMF25RkrL6,http://ru.wikipedia.org/wiki/%D0%91%D0%B0%D1%85%D1%80%D0%B5%D0%B9%D0%BD
ez0Kbzbis4kAAAFMxHEfToMK,http://ru.wikipedia.org/wiki/%D0%91%D1%83%D1%80%D1%83%D0%BD%D0%B4%D0%B8
PWcKbzbipJgAAAFMO.MfTpCq,http://ru.wikipedia.org/wiki/%D0%91%D0%B5%D0%BD%D0%B8%D0%BD
B7YKbzbi6q4AAAFMGVrx3YC9,http://ru.wikipedia.org/wiki/%D0%91%D0%B5%D1%80%D0%BC%D1%83%D0%B4%D1%81%D0%BA%D0%B8%D0%B5_%D0%9E%D1%81%D1%82%D1%80%D0%BE%D0%B2%D0%B0
bvcKbzbiBDsAAAFMra0fToTH,http://ru.wikipedia.org/wiki/%D0%91%D0%B0%D1%80%D0%B1%D0%B0%D0%B4%D0%BE%D1%81
dtwKbzbiPhIAAAFMGJofToyb,http://ru.wikipedia.org/wiki/%D0%93%D0%B0%D0%BB%D0%B0%D0%BF%D0%B0%D0%B3%D0%BE%D1%81_(%D0%BE%D1%81%D1%82%D1%80%D0%BE%D0%B2%D0%B0)
FAoKbzbikfQAAAFMp9jx3YC0,http://ru.wikipedia.org/wiki/%D0%91%D0%B0%D0%BD%D0%B3%D0%BB%D0%B0%D0%B4%D0%B5%D1%88
S_YKbzbiifcAAAFMUo9RkrnF,http://ru.wikipedia.org/wiki/%D0%91%D0%B5%D0%BB%D1%8C%D0%B3%D0%B8%D1%8F
VksKbzbidlkAAAFMspzx3YBt,http://ru.wikipedia.org/wiki/%D0%9A%D0%BE%D0%BA%D0%BE%D1%81%D0%BE%D0%B2%D1%8B%D0%B5_%D0%BE%D1%81%D1%82%D1%80%D0%BE%D0%B2%D0%B0
nU0KbzbiXJQAAAFMu9ZRkrg8,http://ru.wikipedia.org/wiki/%D0%94%D0%B5%D0%BC%D0%BE%D0%BA%D1%80%D0%B0%D1%82%D0%B8%D1%87%D0%B5%D1%81%D0%BA%D0%B0%D1%8F_%D0%A0%D0%B5%D1%81%D0%BF%D1%83%D0%B1%D0%BB%D0%B8%D0%BA%D0%B0_%D0%9A%D0%BE%D0%BD%D0%B3%D0%BE
cR0KbzbiLD0AAAFMoYcfTpsT,http://ru.wikipedia.org/wiki/%D0%9A%D0%BE%D1%82-%D0%B4%E2%80%99%D0%98%D0%B2%D1%83%D0%B0%D1%80
lecKbzbigscAAAFMSfkfToqA,http://ru.wikipedia.org/wiki/%D0%91%D1%83%D1%82%D0%B0%D0%BD
dmcKbzbiK0EAAAFMG_Hx3YD3,http://ru.wikipedia.org/wiki/%D0%91%D0%BE%D0%B3%D0%B5%D0%BC%D0%B8%D1%8F
YM8Kbzbii7AAAAFMliQfTouy,http://ru.wikipedia.org/wiki/%D0%91%D0%BE%D1%81%D0%BD%D0%B8%D1%8F_%D0%B8_%D0%93%D0%B5%D1%80%D1%86%D0%B5%D0%B3%D0%BE%D0%B2%D0%B8%D0%BD%D0%B0
E.gKbzbiajkAAAFMNTrx3YFO,http://ru.wikipedia.org/wiki/%D0%91%D0%BE%D1%81%D0%BF%D0%BE%D1%80%D1%81%D0%BA%D0%BE%D0%B5_%D1%86%D0%B0%D1%80%D1%81%D1%82%D0%B2%D0%BE
2F4Kbzbig.wAAAFMwM_x3YDR,http://ru.wikipedia.org/wiki/%D0%91%D0%BE%D1%82%D1%81%D0%B2%D0%B0%D0%BD%D0%B0
g_AKbzbiJmYAAAFMUAzx3YEv,http://ru.wikipedia.org/wiki/%D0%91%D1%80%D0%B0%D0%B7%D0%B8%D0%BB%D0%B8%D1%8F
sWIKbzbiQSUAAAFMGnQfToHt,http://ru.wikipedia.org/wiki/%D0%A4%D0%BB%D0%B0%D0%BD%D0%B4%D1%80%D0%B8%D1%8F_(%D0%B3%D1%80%D0%B0%D1%84%D1%81%D1%82%D0%B2%D0%BE)
EN8KbzbifeIAAAFMYGkfToU6,http://ru.wikipedia.org/wiki/%D0%9A%D0%BE%D1%80%D0%BE%D0%BB%D0%B5%D0%B2%D1%81%D1%82%D0%B2%D0%BE_%D0%98%D1%82%D0%B0%D0%BB%D0%B8%D1%8F_(%D0%BD%D0%B0%D0%BF%D0%BE%D0%BB%D0%B5%D0%BE%D0%BD%D0%BE%D0%B2%D1%81%D0%BA%D0%BE%D0%B5)
EcwKbzbiQwsAAAFM9cQfTobo,http://ru.wikipedia.org/wiki/%D0%98%D1%82%D0%B0%D0%BB%D0%B8%D1%8F
NJ4KbzbirbAAAAFMyldRkrLP,http://ru.wikipedia.org/wiki/%D0%A4%D0%B8%D0%BB%D0%B8%D0%BF%D0%BF%D0%B8%D0%BD%D1%8B
7aQKbzbivGYAAAFM04EfTpDo,http://ru.wikipedia.org/wiki/%D0%A1%D0%B0%D0%BA%D1%81%D0%BE%D0%BD%D0%B8%D1%8F_(%D0%BA%D0%BE%D1%80%D0%BE%D0%BB%D0%B5%D0%B2%D1%81%D1%82%D0%B2%D0%BE)
KI4KbzbisMwAAAFMlPMfToKh,http://ru.wikipedia.org/wiki/%D0%92%D0%B5%D0%BD%D0%B3%D1%80%D0%B8%D1%8F
VHcKbzbiA0QAAAFMSdHx3YCa,http://ru.wikipedia.org/wiki/%D0%92%D0%B5%D0%BB%D0%B8%D0%BA%D0%BE%D0%B1%D1%80%D0%B8%D1%82%D0%B0%D0%BD%D0%B8%D1%8F
_sQKbzbilOIAAAFNdz1XxkVy,http://ru.wikipedia.org/wiki/%D0%A1%D0%B2%D0%BE%D0%B1%D0%BE%D0%B4%D0%BD%D0%BE%D0%B5_%D0%B3%D0%BE%D1%81%D1%83%D0%B4%D0%B0%D1%80%D1%81%D1%82%D0%B2%D0%BE_%D0%9A%D0%BE%D0%BD%D0%B3%D0%BE
ARcKbzbiy7QAAAFNCwJZWN8x,http://ru.wikipedia.org/wiki/%D0%9F%D0%B0%D1%80%D1%84%D0%B8%D1%8F
i2UO2dY97TIAAAFxIQWFNzBm,http://ru.wikipedia.org/wiki/%D0%9F%D0%B0%D1%80%D1%84%D0%B8%D1%8F
qBsKbzbiVYwAAAFNP1NmYFhb,http://ru.wikipedia.org/wiki/%D0%9C%D0%B0%D0%BC%D0%BB%D1%8E%D0%BA%D1%81%D0%BA%D0%B8%D0%B9_%D1%81%D1%83%D0%BB%D1%82%D0%B0%D0%BD%D0%B0%D1%82
NZUKbzbikwIAAAFNp0BmYFoQ,http://ru.wikipedia.org/wiki/%D0%9F%D0%B0%D1%80%D1%84%D1%8F%D0%BD%D1%81%D0%BA%D0%BE%D0%B5_%D1%86%D0%B0%D1%80%D1%81%D1%82%D0%B2%D0%BE
fbsKbzbiJC8AAAFNSAVmYHAJ,http://ru.wikipedia.org/wiki/%D0%9A%D0%BE%D1%80%D0%B5%D0%B9%D1%81%D0%BA%D0%B0%D1%8F_%D0%B8%D0%BC%D0%BF%D0%B5%D1%80%D0%B8%D1%8F
EAwKbzbi4IwAAAFNH4XSi7cO,http://ru.wikipedia.org/wiki/%D0%9A%D0%BE%D1%80%D0%B5%D1%8F
H4oKbzbiqrAAAAFMiRvx3YBw,http://ru.wikipedia.org/wiki/%D0%A4%D0%B8%D0%BD%D0%BB%D1%8F%D0%BD%D0%B4%D0%B8%D1%8F
WDgKbzbiZHkAAAFNth3Si7PE,http://ru.wikipedia.org/wiki/%D0%92%D0%B5%D0%BB%D0%B8%D0%BA%D0%BE%D0%B5_%D0%BA%D0%BD%D1%8F%D0%B6%D0%B5%D1%81%D1%82%D0%B2%D0%BE_%D0%A4%D0%B8%D0%BD%D0%BB%D1%8F%D0%BD%D0%B4%D1%81%D0%BA%D0%BE%D0%B5
5rEKbzbi8JcAAAFNfHLSi7VY,http://ru.wikipedia.org/wiki/%D0%A1%D0%BE%D1%86%D0%B8%D0%B0%D0%BB%D0%B8%D1%81%D1%82%D0%B8%D1%87%D0%B5%D1%81%D0%BA%D0%B0%D1%8F_%D0%A4%D0%B5%D0%B4%D0%B5%D1%80%D0%B0%D1%82%D0%B8%D0%B2%D0%BD%D0%B0%D1%8F_%D0%A0%D0%B5%D1%81%D0%BF%D1%83%D0%B1%D0%BB%D0%B8%D0%BA%D0%B0_%D0%AE%D0%B3%D0%BE%D1%81%D0%BB%D0%B0%D0%B2%D0%B8%D1%8F
1IMKbzbiVAgAAAFN96lZWN1K,http://ru.wikipedia.org/wiki/%D0%A1%D0%B5%D1%80%D0%B1%D0%B8%D1%8F
SKQKbzbi6roAAAFNySpZWNYS,http://ru.wikipedia.org/wiki/%D0%A1%D0%B5%D1%80%D0%B1%D0%B8%D1%8F_%D0%B8_%D0%A7%D0%B5%D1%80%D0%BD%D0%BE%D0%B3%D0%BE%D1%80%D0%B8%D1%8F
1IMKbzbiVAgAAAFN96lZWN1K,http://ru.wikipedia.org/wiki/%D0%A1%D0%B5%D1%80%D0%B1%D0%B8%D1%8F
GgcKbzbi9v0AAAFMlsrx3YBk,http://ru.wikipedia.org/wiki/%D0%98%D0%BD%D0%B4%D0%B8%D1%8F
bBMKbzbiQ4wAAAFNob3Si8Lr,http://ru.wikipedia.org/wiki/%D0%93%D0%B2%D0%B8%D0%BD%D0%B5%D1%8F
BUQKbzbiAqcAAAFNX5ZHEeiz,http://ru.wikipedia.org/wiki/%D0%9D%D0%BE%D1%80%D0%B2%D0%B5%D0%B3%D0%B8%D1%8F
aOgKbzbiFPAAAAFN2ztHEexH,http://ru.wikipedia.org/wiki/%D0%93%D0%B5%D1%81%D1%81%D0%B5%D0%BD-%D0%94%D0%B0%D1%80%D0%BC%D1%88%D1%82%D0%B0%D0%B4%D1%82
5BgKbzbiDLIAAAFN7BtHEer2,http://ru.wikipedia.org/wiki/%D0%92%D0%B5%D0%BB%D0%B8%D0%BA%D0%BE%D0%B5_%D0%B3%D0%B5%D1%80%D1%86%D0%BE%D0%B3%D1%81%D1%82%D0%B2%D0%BE_%D0%93%D0%B5%D1%81%D1%81%D0%B5%D0%BD
qIkKbzbiDWMAAAFN68VHEen3,http://ru.wikipedia.org/wiki/%D0%9B%D0%B8%D0%BF%D0%BF%D0%B5-%D0%94%D0%B5%D1%82%D0%BC%D0%BE%D0%BB%D1%8C%D0%B4
bFQKbzbijwAAAAFNRb5HEelx,http://ru.wikipedia.org/wiki/%D0%9A%D0%BE%D1%80%D0%BE%D0%BB%D0%B5%D0%B2%D1%81%D1%82%D0%B2%D0%BE_%D0%92%D1%8E%D1%80%D1%82%D0%B5%D0%BC%D0%B1%D0%B5%D1%80%D0%B3
NrcKbzbiOLYAAAFNtR5HEeop,http://ru.wikipedia.org/wiki/%D0%91%D0%B8%D0%B0%D1%84%D1%80%D0%B0
NloKbzbiqDAAAAFMaBIfToKh,http://ru.wikipedia.org/wiki/%D0%93%D1%80%D0%B5%D1%86%D0%B8%D1%8F
ncEKbzbisLoAAAFOhjhHEQfJ,http://ru.wikipedia.org/wiki/%D0%9F%D0%B5%D1%80%D0%B2%D0%B0%D1%8F_%D0%93%D1%80%D0%B5%D1%87%D0%B5%D1%81%D0%BA%D0%B0%D1%8F_%D1%80%D0%B5%D1%81%D0%BF%D1%83%D0%B1%D0%BB%D0%B8%D0%BA%D0%B0
J_MKbzbi934AAAFONHDxBX_9,http://ru.wikipedia.org/wiki/%D0%A1%D0%BE%D0%B5%D0%B4%D0%B8%D0%BD%D1%91%D0%BD%D0%BD%D1%8B%D0%B5_%D0%9F%D1%80%D0%BE%D0%B2%D0%B8%D0%BD%D1%86%D0%B8%D0%B8_%D0%A6%D0%B5%D0%BD%D1%82%D1%80%D0%B0%D0%BB%D1%8C%D0%BD%D0%BE%D0%B9_%D0%90%D0%BC%D0%B5%D1%80%D0%B8%D0%BA%D0%B8
bscKbzbiQtsAAAFONeG5ljB3,http://ru.wikipedia.org/wiki/%D0%A1%D0%B2%D0%BE%D0%B1%D0%BE%D0%B4%D0%BD%D0%BE%D0%B5_%D0%B3%D0%BE%D1%81%D1%83%D0%B4%D0%B0%D1%80%D1%81%D1%82%D0%B2%D0%BE_%D0%9F%D1%80%D1%83%D1%81%D1%81%D0%B8%D1%8F
nU0KbzbiXJQAAAFMu9ZRkrg8,http://ru.wikipedia.org/wiki/%D0%94%D0%B5%D0%BC%D0%BE%D0%BA%D1%80%D0%B0%D1%82%D0%B8%D1%87%D0%B5%D1%81%D0%BA%D0%B0%D1%8F_%D0%A0%D0%B5%D1%81%D0%BF%D1%83%D0%B1%D0%BB%D0%B8%D0%BA%D0%B0_%D0%9A%D0%BE%D0%BD%D0%B3%D0%BE
fM4KbzbiAR4AAAFObyJ9aF8P,http://ru.wikipedia.org/wiki/%D0%97%D0%B0%D0%B8%D1%80
x4cKbzbiRKEAAAFMNHUfToX4,http://ru.wikipedia.org/wiki/%D0%95%D0%B3%D0%B8%D0%BF%D0%B5%D1%82
k34KbzbiDZoAAAFO6U3FUJoR,http://ru.wikipedia.org/wiki/%D0%9A%D0%BE%D1%80%D0%BE%D0%BB%D0%B5%D0%B2%D1%81%D1%82%D0%B2%D0%BE_%D0%95%D0%B3%D0%B8%D0%BF%D0%B5%D1%82
x4cKbzbiRKEAAAFMNHUfToX4,http://ru.wikipedia.org/wiki/%D0%95%D0%B3%D0%B8%D0%BF%D0%B5%D1%82
MuMKbzbi0bIAAAFOvPa5litW,http://ru.wikipedia.org/wiki/%D0%A1%D1%83%D0%BB%D1%82%D0%B0%D0%BD%D0%B0%D1%82_%D0%95%D0%B3%D0%B8%D0%BF%D0%B5%D1%82
fDUKbzbifQwAAAFOSrXxBZI.,http://ru.wikipedia.org/wiki/%D0%9E%D0%B1%D1%8A%D0%B5%D0%B4%D0%B8%D0%BD%D1%91%D0%BD%D0%BD%D0%BE%D0%B5_%D0%BA%D0%BD%D1%8F%D0%B6%D0%B5%D1%81%D1%82%D0%B2%D0%BE_%D0%92%D0%B0%D0%BB%D0%B0%D1%85%D0%B8%D0%B8_%D0%B8_%D0%9C%D0%BE%D0%BB%D0%B4%D0%B0%D0%B2%D0%B8%D0%B8
_6QKbzbire4AAAFM66UfToOw,http://ru.wikipedia.org/wiki/%D0%9B%D0%B8%D1%82%D0%B2%D0%B0
dL8KbzbiL.AAAAFOk7LxBZdG,http://ru.wikipedia.org/wiki/%D0%93%D0%B2%D0%B0%D1%82%D0%B5%D0%BC%D0%B0%D0%BB%D0%B0
dL8KbzbiL.AAAAFOk7LxBZdG,http://ru.wikipedia.org/wiki/%D0%93%D0%B2%D0%B0%D1%82%D0%B5%D0%BC%D0%B0%D0%BB%D0%B0
ElMKbzbiQOwAAAFOLYZP13Lf,http://ru.wikipedia.org/wiki/%D0%A2%D1%80%D0%B8%D0%BD%D0%B8%D0%B4%D0%B0%D0%B4_%D0%B8_%D0%A2%D0%BE%D0%B1%D0%B0%D0%B3%D0%BE
pNMKbzbiBM8AAAFOQorxBZbI,http://ru.wikipedia.org/wiki/%D0%A6%D0%B5%D0%BD%D1%82%D1%80%D0%B0%D0%BB%D1%8C%D0%BD%D0%BE%D0%B0%D1%84%D1%80%D0%B8%D0%BA%D0%B0%D0%BD%D1%81%D0%BA%D0%B0%D1%8F_%D0%A0%D0%B5%D1%81%D0%BF%D1%83%D0%B1%D0%BB%D0%B8%D0%BA%D0%B0
kaQKbzbiBZUAAAFOHpBP125F,http://ru.wikipedia.org/wiki/%D0%AE%D0%B6%D0%BD%D0%B0%D1%8F_%D0%93%D0%B5%D0%BE%D1%80%D0%B3%D0%B8%D1%8F_%D0%B8_%D0%AE%D0%B6%D0%BD%D1%8B%D0%B5_%D0%A1%D0%B0%D0%BD%D0%B4%D0%B2%D0%B8%D1%87%D0%B5%D0%B2%D1%8B_%D0%9E%D1%81%D1%82%D1%80%D0%BE%D0%B2%D0%B0
y7sKbzbimZAAAAFOUSbFUPCc,http://ru.wikipedia.org/wiki/%D0%91%D1%80%D0%B8%D1%82%D0%B0%D0%BD%D1%81%D0%BA%D0%B8%D0%B5_%D0%B7%D0%B0%D0%BC%D0%BE%D1%80%D1%81%D0%BA%D0%B8%D0%B5_%D1%82%D0%B5%D1%80%D1%80%D0%B8%D1%82%D0%BE%D1%80%D0%B8%D0%B8
kVsKbzbiz.gAAAFOBKJP13G6,http://ru.wikipedia.org/wiki/%D0%9E%D1%81%D1%82%D1%80%D0%BE%D0%B2_%D0%92%D0%BE%D0%B7%D0%BD%D0%B5%D1%81%D0%B5%D0%BD%D0%B8%D1%8F
euEKbzbi8qgAAAFOKlTFUJmQ,http://ru.wikipedia.org/wiki/%D0%A4%D0%BE%D0%BB%D0%BA%D0%BB%D0%B5%D0%BD%D0%B4%D1%81%D0%BA%D0%B8%D0%B5_%D0%BE%D1%81%D1%82%D1%80%D0%BE%D0%B2%D0%B0
D5EKbzbieOcAAAFOrI1P1247,http://ru.wikipedia.org/wiki/%D0%92%D0%BE%D0%BB%D1%8C%D0%BD%D1%8B%D0%B9_%D0%B3%D0%BE%D1%80%D0%BE%D0%B4_%D0%94%D0%B0%D0%BD%D1%86%D0%B8%D0%B3
ki8Kbzbiyt8AAAFOcr7xBZA_,http://ru.wikipedia.org/wiki/%D0%A8%D0%B2%D0%B5%D1%86%D0%B8%D1%8F
XMIKbzbicGYAAAFO.5XFULKC,http://ru.wikipedia.org/wiki/%D0%A2%D1%80%D0%B5%D1%82%D1%8C%D0%B5_%D0%91%D0%BE%D0%BB%D0%B3%D0%B0%D1%80%D1%81%D0%BA%D0%BE%D0%B5_%D1%86%D0%B0%D1%80%D1%81%D1%82%D0%B2%D0%BE
EHAKbzbi2xwAAAFODhPFUJ8.,http://ru.wikipedia.org/wiki/%D0%9A%D0%BD%D1%8F%D0%B6%D0%B5%D1%81%D1%82%D0%B2%D0%BE_%D0%91%D0%BE%D0%BB%D0%B3%D0%B0%D1%80%D0%B8%D1%8F
Y.IKbzbiSP8AAAFPGpVwoKVu,http://ru.wikipedia.org/wiki/%D0%9D%D0%B0%D1%80%D0%BE%D0%B4%D0%BD%D0%B0%D1%8F_%D0%A0%D0%B5%D1%81%D0%BF%D1%83%D0%B1%D0%BB%D0%B8%D0%BA%D0%B0_%D0%91%D0%BE%D0%BB%D0%B3%D0%B0%D1%80%D0%B8%D1%8F
DtQKbzbizOMAAAFMeVYfToi3,http://ru.wikipedia.org/wiki/%D0%91%D0%BE%D0%BB%D0%B3%D0%B0%D1%80%D0%B8%D1%8F
zwIKbzbiphoAAAFOhl3FUNIh,http://ru.wikipedia.org/wiki/%D0%90%D0%BB%D0%B1%D0%B0%D0%BD%D1%81%D0%BA%D0%BE%D0%B5_%D0%BA%D0%BE%D1%80%D0%BE%D0%BB%D0%B5%D0%B2%D1%81%D1%82%D0%B2%D0%BE
CfMKbzbi02MAAAFMZJPx3YFT,http://ru.wikipedia.org/wiki/%D0%90%D0%B2%D1%81%D1%82%D1%80%D0%B0%D0%BB%D0%B8%D1%8F
Lh0KbzbiBEEAAAFORZLFUKEA,http://ru.wikipedia.org/wiki/%D0%9A%D0%B8%D1%82%D0%B0%D0%B9%D1%81%D0%BA%D0%B0%D1%8F_%D0%9D%D0%B0%D1%80%D0%BE%D0%B4%D0%BD%D0%B0%D1%8F_%D0%A0%D0%B5%D1%81%D0%BF%D1%83%D0%B1%D0%BB%D0%B8%D0%BA%D0%B0
DicKbzbiiXMAAAFM19Lx3YCs,http://ru.wikipedia.org/wiki/%D0%A1%D1%80%D0%B5%D0%B4%D0%BD%D0%B5%D0%B2%D0%B5%D0%BA%D0%BE%D0%B2%D0%B0%D1%8F_%D0%A4%D1%80%D0%B0%D0%BD%D1%86%D0%B8%D1%8F
r2UKX9ISYagAAAFTZhG44cyq,http://ru.wikipedia.org/wiki/%D0%A1%D1%80%D0%B5%D0%B4%D0%BD%D0%B5%D0%B2%D0%B5%D0%BA%D0%BE%D0%B2%D0%B0%D1%8F_%D0%A4%D1%80%D0%B0%D0%BD%D1%86%D0%B8%D1%8F
qI8KbzbiefYAAAFMm8AfToJW,http://ru.wikipedia.org/wiki/%D0%9D%D0%B0%D1%80%D0%BE%D0%B4%D0%BD%D0%B0%D1%8F_%D0%A1%D0%BE%D1%86%D0%B8%D0%B0%D0%BB%D0%B8%D1%81%D1%82%D0%B8%D1%87%D0%B5%D1%81%D0%BA%D0%B0%D1%8F_%D0%A0%D0%B5%D1%81%D0%BF%D1%83%D0%B1%D0%BB%D0%B8%D0%BA%D0%B0_%D0%90%D0%BB%D0%B1%D0%B0%D0%BD%D0%B8%D1%8F
0k4KbzbiDosAAAFMhMYfToPp,http://ru.wikipedia.org/wiki/%D0%90%D0%BB%D0%B1%D0%B0%D0%BD%D0%B8%D1%8F
rgkKbzbiEKMAAAFP.x4InA9M,http://ru.wikipedia.org/wiki/%D0%98%D1%81%D0%BF%D0%B0%D0%BD%D1%81%D0%BA%D0%B8%D0%B5_%D0%9D%D0%B8%D0%B4%D0%B5%D1%80%D0%BB%D0%B0%D0%BD%D0%B4%D1%8B
jiMKbzbirpwAAAFOoRvFUNF2,http://ru.wikipedia.org/wiki/%D0%9B%D1%8E%D0%BA%D1%81%D0%B5%D0%BC%D0%B1%D1%83%D1%80%D0%B3
UMQKbzbiiRYAAAFMJWTx3YFS,http://ru.wikipedia.org/wiki/%D0%92%D0%B0%D1%82%D0%B8%D0%BA%D0%B0%D0%BD
QjYKbzbiVHAAAAFOJXjFUM6G,http://ru.wikipedia.org/wiki/%D0%94%D0%BE%D0%BC%D0%B8%D0%BD%D0%B8%D0%BA%D0%B0%D0%BD%D1%81%D0%BA%D0%B0%D1%8F_%D0%A0%D0%B5%D1%81%D0%BF%D1%83%D0%B1%D0%BB%D0%B8%D0%BA%D0%B0
dDUKbzbiCIUAAAFP97HbiDtc,http://ru.wikipedia.org/wiki/%D0%9D%D0%B8%D0%B4%D0%B5%D1%80%D0%BB%D0%B0%D0%BD%D0%B4%D1%8B
uYgKbzbikOwAAAFOJOrFUOv7,http://ru.wikipedia.org/wiki/%D0%9A%D0%BE%D1%80%D0%BE%D0%BB%D0%B5%D0%B2%D1%81%D1%82%D0%B2%D0%BE_%D0%93%D0%BE%D0%BB%D0%BB%D0%B0%D0%BD%D0%B4%D0%B8%D1%8F
pqgKbzbi8j4AAAFOxxvFUMIf,http://ru.wikipedia.org/wiki/%D0%A0%D0%B5%D1%81%D0%BF%D1%83%D0%B1%D0%BB%D0%B8%D0%BA%D0%B0_%D0%A1%D0%BE%D0%B5%D0%B4%D0%B8%D0%BD%D1%91%D0%BD%D0%BD%D1%8B%D1%85_%D0%BF%D1%80%D0%BE%D0%B2%D0%B8%D0%BD%D1%86%D0%B8%D0%B9
J80KbzbizlEAAAFPIx7kbGbw,http://ru.wikipedia.org/wiki/%D0%91%D0%B0%D1%82%D0%B0%D0%B2%D1%81%D0%BA%D0%B0%D1%8F_%D1%80%D0%B5%D1%81%D0%BF%D1%83%D0%B1%D0%BB%D0%B8%D0%BA%D0%B0
UggKbzbiSPUAAAFMGd4fToJS,http://ru.wikipedia.org/wiki/%D0%A0%D0%B5%D1%81%D0%BF%D1%83%D0%B1%D0%BB%D0%B8%D0%BA%D0%B0_%D0%9A%D0%B8%D0%BF%D1%80
c8wKbzbiNb0AAAFPXzrGNwBt,http://ru.wikipedia.org/wiki/%D0%95%D0%B3%D0%B8%D0%BF%D0%B5%D1%82%D1%81%D0%BA%D0%B8%D0%B9_%D1%85%D0%B5%D0%B4%D0%B8%D0%B2%D0%B0%D1%82
AYYKbzbiMAUAAAFMgGPx3YBN,http://ru.wikipedia.org/wiki/%D0%93%D0%B5%D1%80%D0%BC%D0%B0%D0%BD%D0%B8%D1%8F
lWIKbzbi5s4AAAFM_gLx3YD1,http://ru.wikipedia.org/wiki/%D0%9F%D0%BE%D1%80%D1%82%D1%83%D0%B3%D0%B0%D0%BB%D0%B8%D1%8F
f2wO2dY9xHcAAAFx5r.FNy1Q,http://ru.wikipedia.org/wiki/%D0%A0%D1%83%D0%BC%D1%8B%D0%BD%D0%B8%D1%8F
Oj4Kbzbik1wAAAFPU3bbiCF8,http://ru.wikipedia.org/wiki/%D0%A0%D1%83%D0%BC%D1%8B%D0%BD%D0%B8%D1%8F
KmUKbzbiuR4AAAFP4YrGNwdJ,http://ru.wikipedia.org/wiki/%D0%AF%D0%BF%D0%BE%D0%BD%D0%B8%D1%8F
xPEKbzbiy9MAAAFPyqTGNwdX,http://ru.wikipedia.org/wiki/%D0%A8%D0%B2%D0%B5%D0%B9%D1%86%D0%B0%D1%80%D0%B8%D1%8F
dxUKbzbi8QMAAAFPjdTGNwe8,http://ru.wikipedia.org/wiki/%D0%94%D0%B0%D0%BD%D0%B8%D1%8F
cRwKbzbigIkAAAFPI4fDv0lG,http://ru.wikipedia.org/wiki/%D0%9D%D0%BE%D0%B2%D0%B0%D1%8F_%D0%97%D0%B5%D0%BB%D0%B0%D0%BD%D0%B4%D0%B8%D1%8F
BUQKbzbiAqcAAAFNX5ZHEeiz,http://ru.wikipedia.org/wiki/%D0%9D%D0%BE%D1%80%D0%B2%D0%B5%D0%B3%D0%B8%D1%8F
OokKbzbi5oMAAAFPx67GNwcl,http://ru.wikipedia.org/wiki/%D0%93%D0%BE%D0%BD%D0%BA%D0%BE%D0%BD%D0%B3
2bcKbzbi6rsAAAFPMcPbiDjK,http://ru.wikipedia.org/wiki/%D0%93%D1%80%D0%B5%D1%87%D0%B5%D1%81%D0%BA%D0%BE%D0%B5_%D0%B3%D0%BE%D1%81%D1%83%D0%B4%D0%B0%D1%80%D1%81%D1%82%D0%B2%D0%BE
NrwKbzbi.ysAAAFP0c0InAqY,http://ru.wikipedia.org/wiki/%D0%9F%D0%B0%D1%80%D0%BC%D1%81%D0%BA%D0%BE%D0%B5_%D0%B3%D0%B5%D1%80%D1%86%D0%BE%D0%B3%D1%81%D1%82%D0%B2%D0%BE
J2kKbzbiL6kAAAFPBcsInAqP,http://ru.wikipedia.org/wiki/%D0%A1%D0%B0%D1%80%D0%B4%D0%B8%D0%BD%D1%81%D0%BA%D0%BE%D0%B5_%D0%BA%D0%BE%D1%80%D0%BE%D0%BB%D0%B5%D0%B2%D1%81%D1%82%D0%B2%D0%BE
6fwKbzbignwAAAFQI3RwoAfi,http://ru.wikipedia.org/wiki/%D0%91%D0%B0%D0%B2%D0%B0%D1%80%D0%B8%D1%8F
P_sKbzbi0Q0AAAFPXKLbiDhh,http://ru.wikipedia.org/wiki/%D0%A4%D1%80%D0%B0%D0%BD%D1%86%D1%83%D0%B7%D1%81%D0%BA%D0%BE%D0%B5_%D0%9C%D0%B0%D1%80%D0%BE%D0%BA%D0%BA%D0%BE
n78KbzbiEpMAAAFPkrvkbFJ1,http://ru.wikipedia.org/wiki/%D0%9C%D0%B0%D1%80%D0%BE%D0%BA%D0%BA%D0%BE
n78KbzbiEpMAAAFPkrvkbFJ1,http://ru.wikipedia.org/wiki/%D0%9C%D0%B0%D1%80%D0%BE%D0%BA%D0%BA%D0%BE
fzIKbzbi0rMAAAFRAMY1_J1N,http://ru.wikipedia.org/wiki/%D0%A1%D0%B0%D0%BA%D1%81%D0%B5%D0%BD-%D0%90%D0%BB%D1%8C%D1%82%D0%B5%D0%BD%D0%B1%D1%83%D1%80%D0%B3
QvIKbzbiqk0AAAFRVx54gvSp,http://ru.wikipedia.org/wiki/%D0%A1%D0%B0%D0%BA%D1%81%D0%B5%D0%BD-%D0%92%D0%B5%D0%B9%D0%BC%D0%B0%D1%80-%D0%AD%D0%B9%D0%B7%D0%B5%D0%BD%D0%B0%D1%85
wb8Kbzbi9MgAAAFRtiI1_Lxm,http://ru.wikipedia.org/wiki/%D0%93%D0%B0%D0%BD%D0%BD%D0%BE%D0%B2%D0%B5%D1%80_(%D0%BA%D0%BE%D1%80%D0%BE%D0%BB%D0%B5%D0%B2%D1%81%D1%82%D0%B2%D0%BE)
J_EKbzbi7Z0AAAFRH094gvq.,http://ru.wikipedia.org/wiki/%D0%A8%D0%B0%D1%83%D0%BC%D0%B1%D1%83%D1%80%D0%B3-%D0%9B%D0%B8%D0%BF%D0%BF%D0%B5
reQKbzbiiukAAAFRB.U1_McZ,http://ru.wikipedia.org/wiki/%D0%92%D0%BE%D0%BB%D1%8C%D0%BD%D1%8B%D0%B9_%D0%B3%D0%BE%D1%80%D0%BE%D0%B4_%D0%A4%D1%80%D0%B0%D0%BD%D0%BA%D1%84%D1%83%D1%80%D1%82
8VkKbzbiWUQAAAFREhA1_Mc1,http://ru.wikipedia.org/wiki/%D0%92%D0%B0%D0%BB%D1%8C%D0%B4%D0%B5%D0%BA
k.4KbzbixiIAAAFRmaM1_Mc2,http://ru.wikipedia.org/wiki/%D0%93%D0%B0%D0%BD%D0%BD%D0%BE%D0%B2%D0%B5%D1%80
FIIKbzbiAb8AAAFRMWM1_Lxu,http://ru.wikipedia.org/wiki/%D0%9F%D1%80%D0%BE%D0%B2%D0%B8%D0%BD%D1%86%D0%B8%D1%8F_%D0%93%D0%B0%D0%BD%D0%BD%D0%BE%D0%B2%D0%B5%D1%80
8eMKbzbiHBAAAAFRUxA1_K6e,http://ru.wikipedia.org/wiki/%D0%A1%D0%B0%D0%BA%D1%81%D0%B5%D0%BD-%D0%9C%D0%B5%D0%B9%D0%BD%D0%B8%D0%BD%D0%B3%D0%B5%D0%BD
FWIKbzbijscAAAFRvFc1_Lxr,http://ru.wikipedia.org/wiki/%D0%A1%D0%B0%D0%BA%D1%81%D0%BE%D0%BD%D0%B8%D1%8F_(%D0%BA%D1%83%D1%80%D1%84%D1%8E%D1%80%D1%88%D0%B5%D1%81%D1%82%D0%B2%D0%BE)
lwQKbzbi2RwAAAFRrVE1_J1N,http://ru.wikipedia.org/wiki/%D0%A0%D0%B5%D0%B9%D1%81%D1%81_(%D1%81%D1%82%D0%B0%D1%80%D1%88%D0%B5%D0%B9_%D0%BB%D0%B8%D0%BD%D0%B8%D0%B8)
F6oKbzbiR30AAAFRZRU1_NJf,http://ru.wikipedia.org/wiki/%D0%93%D0%B0%D0%BC%D0%B1%D1%83%D1%80%D0%B3
0KIKbzbiFiAAAAFRX0I1_J2h,http://ru.wikipedia.org/wiki/%D0%91%D1%80%D0%B5%D0%BC%D0%B5%D0%BD_(%D0%B7%D0%B5%D0%BC%D0%BB%D1%8F)
5BsKbzbi2kYAAAFSVDF4gh_O,http://ru.wikipedia.org/wiki/%D0%91%D1%80%D0%B0%D1%83%D0%BD%D1%88%D0%B2%D0%B5%D0%B9%D0%B3_(%D0%B3%D0%B5%D1%80%D1%86%D0%BE%D0%B3%D1%81%D1%82%D0%B2%D0%BE)
ylcKX9ISjvIAAAFTTzS44Z_f,http://ru.wikipedia.org/wiki/%D0%9D%D0%B0%D1%81%D1%81%D0%B0%D1%83_(%D0%B3%D0%B5%D1%80%D1%86%D0%BE%D0%B3%D1%81%D1%82%D0%B2%D0%BE)
IxsKbzbiZA8AAAFMrLjx3YCY,http://ru.wikipedia.org/wiki/%D0%90%D0%B2%D1%81%D1%82%D1%80%D0%B8%D1%8F
